nft_id,Number Of Owners,Wallet,,,,
366,105,0x36cb7898012e3b19070554be377f7c0e708be229,,,,
366,105,0x36cb7898012e3b19070554be377f7c0e708be229,,,,
366,105,0x09de3bfad2fe056bb35f4c1e2ffeb17cfeeea3c5,,,,
366,105,0x416f135fFF8625E11fa03d8bCD87D5E4568627c3,,,,
366,105,0x416f135fFF8625E11fa03d8bCD87D5E4568627c3,,,,
366,105,0x806ef56026c4b142c21ef7a155f4dc1f8590a2ba,,,,
366,105,0x7a7a38a3bc38e7fab3e8dffe513d9bf6f60fda31,,,,
366,105,0x09de3bfad2fe056bb35f4c1e2ffeb17cfeeea3c5,,,,
366,105,0x556d0da07c8a37bce930cc301247e9a7e9e1082d,,,,
366,105,0x7b61505e579cf7c52b95cd242612e03ab9a26b28,,,,
366,105,0x36cb7898012e3b19070554be377f7c0e708be229,,,,
366,105,0x63363140d3b8ada0d152c9b487fb244d0d311949,,,,
366,105,0x416f135fFF8625E11fa03d8bCD87D5E4568627c3,,,,
366,105,0x6657490a88896d744dc8af67bac605844518bf2d,,,,
366,105,0x0309a8656bead1714f059df6d2efbe139b6897ed,,,,
366,105,0x7a7a38a3bc38e7fab3e8dffe513d9bf6f60fda31,,,,
366,105,0x36cb7898012e3b19070554be377f7c0e708be229,,,,
366,105,0xed8b2fb5ecefe0532ad68a8962e4c7db9c56230e,,,,
366,105,0x09de3bfad2fe056bb35f4c1e2ffeb17cfeeea3c5,,,,
366,105,0x6657490a88896d744dc8af67bac605844518bf2d,,,,
366,105,0x72e9605b9b8bdf3501a3f116f50660d7e577404f,,,,
366,105,0x7a7a38a3bc38e7fab3e8dffe513d9bf6f60fda31,,,,
366,105,0x45eff28aaf3c6feb4aa10bab9f3eb191d0aa6508,,,,
366,105,0x416f135fFF8625E11fa03d8bCD87D5E4568627c3,,,,
366,105,0x4953df69b0e0e70d6bbc96da0a429fc4009dd881,,,,
366,105,0x6657490a88896d744dc8af67bac605844518bf2d,,,,
366,105,0x7b61505e579cf7c52b95cd242612e03ab9a26b28,,,,
366,105,0x7b61505e579cf7c52b95cd242612e03ab9a26b28,,,,
366,105,0x09de3bfad2fe056bb35f4c1e2ffeb17cfeeea3c5,,,,
366,105,0x416f135fFF8625E11fa03d8bCD87D5E4568627c3,,,,
366,105,0x416f135fFF8625E11fa03d8bCD87D5E4568627c3,,,,
366,105,0x63363140d3b8ada0d152c9b487fb244d0d311949,,,,
366,105,0x416f135fFF8625E11fa03d8bCD87D5E4568627c3,,,,
366,105,0x09de3bfad2fe056bb35f4c1e2ffeb17cfeeea3c5,,,,
366,105,0x755847bab99d838b02a57ed23540f71a33415d13,,,,
366,105,0x45eff28aaf3c6feb4aa10bab9f3eb191d0aa6508,,,,
366,105,0x63363140d3b8ada0d152c9b487fb244d0d311949,,,,
366,105,0x416f135fFF8625E11fa03d8bCD87D5E4568627c3,,,,
366,105,0x7a7a38a3bc38e7fab3e8dffe513d9bf6f60fda31,,,,
366,105,0x806ef56026c4b142c21ef7a155f4dc1f8590a2ba,,,,
366,105,0x416f135fFF8625E11fa03d8bCD87D5E4568627c3,,,,
366,105,0x63363140d3b8ada0d152c9b487fb244d0d311949,,,,
366,105,0x09de3bfad2fe056bb35f4c1e2ffeb17cfeeea3c5,,,,
366,105,0xd7fe007751821297da9ba0b64007577700afc890,,,,
366,105,0xab76c8a0a8fb2fb2b4a9a7f0df541173ca6504bb,,,,
366,105,0x6657490a88896d744dc8af67bac605844518bf2d,,,,
366,105,0x416f135fFF8625E11fa03d8bCD87D5E4568627c3,,,,
366,105,0x806ef56026c4b142c21ef7a155f4dc1f8590a2ba,,,,
366,105,0x72e9605b9b8bdf3501a3f116f50660d7e577404f,,,,
366,105,0x556d0da07c8a37bce930cc301247e9a7e9e1082d,,,,
366,105,0x72e9605b9b8bdf3501a3f116f50660d7e577404f,,,,
366,105,0x4be753b5e22fb28c7b6dc4bb660615110243db69,,,,
366,105,0x72e9605b9b8bdf3501a3f116f50660d7e577404f,,,,
366,105,0x416f135fFF8625E11fa03d8bCD87D5E4568627c3,,,,
366,105,0x63363140d3b8ada0d152c9b487fb244d0d311949,,,,
366,105,0x7b61505e579cf7c52b95cd242612e03ab9a26b28,,,,
366,105,0x7a7a38a3bc38e7fab3e8dffe513d9bf6f60fda31,,,,
366,105,0x416f135fFF8625E11fa03d8bCD87D5E4568627c3,,,,
366,105,0x416f135fFF8625E11fa03d8bCD87D5E4568627c3,,,,
366,105,0x74c1a59d9eea9cbcd144b08d04c797403623e277,,,,
366,105,0x7a7a38a3bc38e7fab3e8dffe513d9bf6f60fda31,,,30,
366,105,0x416f135fFF8625E11fa03d8bCD87D5E4568627c3,,,30,
366,105,0x63363140d3b8ada0d152c9b487fb244d0d311949,,,128,0x416f135fFF8625E11fa03d8bCD87D5E4568627c3
366,105,0x72e9605b9b8bdf3501a3f116f50660d7e577404f,,,93,0x09de3bfad2fe056bb35f4c1e2ffeb17cfeeea3c5
366,105,0x63363140d3b8ada0d152c9b487fb244d0d311949,,,82,0x6657490a88896d744dc8af67bac605844518bf2d
366,105,0x4be753b5e22fb28c7b6dc4bb660615110243db69,,,78,0x7a7a38a3bc38e7fab3e8dffe513d9bf6f60fda31
366,105,0x36cb7898012e3b19070554be377f7c0e708be229,,,74,0x806ef56026c4b142c21ef7a155f4dc1f8590a2ba
366,105,0x45eff28aaf3c6feb4aa10bab9f3eb191d0aa6508,,,71,0x72e9605b9b8bdf3501a3f116f50660d7e577404f
366,105,0x6657490a88896d744dc8af67bac605844518bf2d,,,69,0x7b61505e579cf7c52b95cd242612e03ab9a26b28
366,105,0x806ef56026c4b142c21ef7a155f4dc1f8590a2ba,,,69,0x63363140d3b8ada0d152c9b487fb244d0d311949
366,105,0x09de3bfad2fe056bb35f4c1e2ffeb17cfeeea3c5,,,46,0x45eff28aaf3c6feb4aa10bab9f3eb191d0aa6508
366,105,0x72e9605b9b8bdf3501a3f116f50660d7e577404f,,,41,0x36cb7898012e3b19070554be377f7c0e708be229
366,105,0x09de3bfad2fe056bb35f4c1e2ffeb17cfeeea3c5,,,38,0x556d0da07c8a37bce930cc301247e9a7e9e1082d
366,105,0xab76c8a0a8fb2fb2b4a9a7f0df541173ca6504bb,,,36,0xab76c8a0a8fb2fb2b4a9a7f0df541173ca6504bb
366,105,0x7a7a38a3bc38e7fab3e8dffe513d9bf6f60fda31,,,21,0x4be753b5e22fb28c7b6dc4bb660615110243db69
366,105,0x416f135fFF8625E11fa03d8bCD87D5E4568627c3,,,20,0xf3a7249b9b8bd17a7f3079f25fe64f581ce112ce
366,105,0x6657490a88896d744dc8af67bac605844518bf2d,,,16,0xd7fe007751821297da9ba0b64007577700afc890
366,105,0x02163f125df7fed7d7d30fea5a590f9393b4edac,,,12,0x02163f125df7fed7d7d30fea5a590f9393b4edac
366,105,0x416f135fFF8625E11fa03d8bCD87D5E4568627c3,,,7,0x0309a8656bead1714f059df6d2efbe139b6897ed
366,105,0x72e9605b9b8bdf3501a3f116f50660d7e577404f,,,7,0xfecc129cb601b754813936f238a7c56086982f4c
366,105,0x09de3bfad2fe056bb35f4c1e2ffeb17cfeeea3c5,,,6,0x755847bab99d838b02a57ed23540f71a33415d13
366,105,0x6657490a88896d744dc8af67bac605844518bf2d,,,6,0x74c1a59d9eea9cbcd144b08d04c797403623e277
366,105,0x02163f125df7fed7d7d30fea5a590f9393b4edac,,,5,0x4953df69b0e0e70d6bbc96da0a429fc4009dd881
366,105,0x556d0da07c8a37bce930cc301247e9a7e9e1082d,,,2,0x4dc17f234784a62c0f6e04330b6ef10ad0874d0f
366,105,0x72e9605b9b8bdf3501a3f116f50660d7e577404f,,,2,0x2de986a374cba9d56f062c4106063455779676fc
366,105,0x806ef56026c4b142c21ef7a155f4dc1f8590a2ba,,,2,0x58392e5755969d1f4cc21271158e31de6fa8a994
366,105,0x4be753b5e22fb28c7b6dc4bb660615110243db69,,,2,0xed8b2fb5ecefe0532ad68a8962e4c7db9c56230e
366,105,0x63363140d3b8ada0d152c9b487fb244d0d311949,,,1,0x02b5fe81f4c43a145136c7a6e5bff9b72e63a2cc
366,105,0x72e9605b9b8bdf3501a3f116f50660d7e577404f,,,1,0x9938e0be7c80b533d08d41ff02d7399e0e5facb5
366,105,0x806ef56026c4b142c21ef7a155f4dc1f8590a2ba,,,1,0x83dd5a88915a4e065a52930a8270c656905eb5c8
366,105,0x45eff28aaf3c6feb4aa10bab9f3eb191d0aa6508,,,,
366,105,0x806ef56026c4b142c21ef7a155f4dc1f8590a2ba,,,,
366,105,0x7a7a38a3bc38e7fab3e8dffe513d9bf6f60fda31,,,,
366,105,0x6657490a88896d744dc8af67bac605844518bf2d,,,,
366,105,0x36cb7898012e3b19070554be377f7c0e708be229,,,,
366,105,0x806ef56026c4b142c21ef7a155f4dc1f8590a2ba,,,,
366,105,0x36cb7898012e3b19070554be377f7c0e708be229,,,,
366,105,0x6657490a88896d744dc8af67bac605844518bf2d,,,,
366,105,0x7a7a38a3bc38e7fab3e8dffe513d9bf6f60fda31,,,,
366,105,0x7a7a38a3bc38e7fab3e8dffe513d9bf6f60fda31,,,,
366,105,0x45eff28aaf3c6feb4aa10bab9f3eb191d0aa6508,,,,
366,105,0xab76c8a0a8fb2fb2b4a9a7f0df541173ca6504bb,,,,
366,105,0x416f135fFF8625E11fa03d8bCD87D5E4568627c3,,,,
366,105,0x556d0da07c8a37bce930cc301247e9a7e9e1082d,,,,
366,105,0x261E678b3DD56D1C66aCd9E8443372faFDb35e15,,,,
367,105,0x416f135fFF8625E11fa03d8bCD87D5E4568627c3,,,,
367,105,0x09de3bfad2fe056bb35f4c1e2ffeb17cfeeea3c5,,,,
367,105,0x02163f125df7fed7d7d30fea5a590f9393b4edac,,,,
367,105,0xf3a7249b9b8bd17a7f3079f25fe64f581ce112ce,,,,
367,105,0x6657490a88896d744dc8af67bac605844518bf2d,,,,
367,105,0x416f135fFF8625E11fa03d8bCD87D5E4568627c3,,,,
367,105,0xd7fe007751821297da9ba0b64007577700afc890,,,,
367,105,0x72e9605b9b8bdf3501a3f116f50660d7e577404f,,,,
367,105,0x416f135fFF8625E11fa03d8bCD87D5E4568627c3,,,,
367,105,0x416f135fFF8625E11fa03d8bCD87D5E4568627c3,,,,
367,105,0x806ef56026c4b142c21ef7a155f4dc1f8590a2ba,,,,
367,105,0x806ef56026c4b142c21ef7a155f4dc1f8590a2ba,,,,
367,105,0x36cb7898012e3b19070554be377f7c0e708be229,,,,
367,105,0x09de3bfad2fe056bb35f4c1e2ffeb17cfeeea3c5,,,,
367,105,0x806ef56026c4b142c21ef7a155f4dc1f8590a2ba,,,,
367,105,0x72e9605b9b8bdf3501a3f116f50660d7e577404f,,,,
367,105,0xfecc129cb601b754813936f238a7c56086982f4c,,,,
367,105,0xf3a7249b9b8bd17a7f3079f25fe64f581ce112ce,,,,
367,105,0x806ef56026c4b142c21ef7a155f4dc1f8590a2ba,,,,
367,105,0xab76c8a0a8fb2fb2b4a9a7f0df541173ca6504bb,,,,
367,105,0x72e9605b9b8bdf3501a3f116f50660d7e577404f,,,,
367,105,0x72e9605b9b8bdf3501a3f116f50660d7e577404f,,,,
367,105,0x72e9605b9b8bdf3501a3f116f50660d7e577404f,,,,
367,105,0x6657490a88896d744dc8af67bac605844518bf2d,,,,
367,105,0x7b61505e579cf7c52b95cd242612e03ab9a26b28,,,,
367,105,0x6657490a88896d744dc8af67bac605844518bf2d,,,,
367,105,0x09de3bfad2fe056bb35f4c1e2ffeb17cfeeea3c5,,,,
367,105,0x72e9605b9b8bdf3501a3f116f50660d7e577404f,,,,
367,105,0x7b61505e579cf7c52b95cd242612e03ab9a26b28,,,,
367,105,0x7a7a38a3bc38e7fab3e8dffe513d9bf6f60fda31,,,,
367,105,0x45eff28aaf3c6feb4aa10bab9f3eb191d0aa6508,,,,
367,105,0x63363140d3b8ada0d152c9b487fb244d0d311949,,,,
367,105,0x09de3bfad2fe056bb35f4c1e2ffeb17cfeeea3c5,,,,
367,105,0x09de3bfad2fe056bb35f4c1e2ffeb17cfeeea3c5,,,,
367,105,0x416f135fFF8625E11fa03d8bCD87D5E4568627c3,,,,
367,105,0xab76c8a0a8fb2fb2b4a9a7f0df541173ca6504bb,,,,
367,105,0x09de3bfad2fe056bb35f4c1e2ffeb17cfeeea3c5,,,,
367,105,0x7b61505e579cf7c52b95cd242612e03ab9a26b28,,,,
367,105,0x36cb7898012e3b19070554be377f7c0e708be229,,,,
367,105,0x45eff28aaf3c6feb4aa10bab9f3eb191d0aa6508,,,,
367,105,0x556d0da07c8a37bce930cc301247e9a7e9e1082d,,,,
367,105,0x7b61505e579cf7c52b95cd242612e03ab9a26b28,,,,
367,105,0x09de3bfad2fe056bb35f4c1e2ffeb17cfeeea3c5,,,,
367,105,0x7a7a38a3bc38e7fab3e8dffe513d9bf6f60fda31,,,,
367,105,0x416f135fFF8625E11fa03d8bCD87D5E4568627c3,,,,
367,105,0x09de3bfad2fe056bb35f4c1e2ffeb17cfeeea3c5,,,,
367,105,0x09de3bfad2fe056bb35f4c1e2ffeb17cfeeea3c5,,,,
367,105,0x4be753b5e22fb28c7b6dc4bb660615110243db69,,,,
367,105,0x72e9605b9b8bdf3501a3f116f50660d7e577404f,,,,
367,105,0x7b61505e579cf7c52b95cd242612e03ab9a26b28,,,,
367,105,0x416f135fFF8625E11fa03d8bCD87D5E4568627c3,,,,
367,105,0x416f135fFF8625E11fa03d8bCD87D5E4568627c3,,,,
367,105,0x416f135fFF8625E11fa03d8bCD87D5E4568627c3,,,,
367,105,0x806ef56026c4b142c21ef7a155f4dc1f8590a2ba,,,,
367,105,0x806ef56026c4b142c21ef7a155f4dc1f8590a2ba,,,,
367,105,0x6657490a88896d744dc8af67bac605844518bf2d,,,,
367,105,0x806ef56026c4b142c21ef7a155f4dc1f8590a2ba,,,,
367,105,0x416f135fFF8625E11fa03d8bCD87D5E4568627c3,,,,
367,105,0xfecc129cb601b754813936f238a7c56086982f4c,,,,
367,105,0x556d0da07c8a37bce930cc301247e9a7e9e1082d,,,,
367,105,0x63363140d3b8ada0d152c9b487fb244d0d311949,,,,
367,105,0xf3a7249b9b8bd17a7f3079f25fe64f581ce112ce,,,,
367,105,0x7b61505e579cf7c52b95cd242612e03ab9a26b28,,,,
367,105,0x416f135fFF8625E11fa03d8bCD87D5E4568627c3,,,,
367,105,0x7b61505e579cf7c52b95cd242612e03ab9a26b28,,,,
367,105,0x63363140d3b8ada0d152c9b487fb244d0d311949,,,,
367,105,0xab76c8a0a8fb2fb2b4a9a7f0df541173ca6504bb,,,,
367,105,0x806ef56026c4b142c21ef7a155f4dc1f8590a2ba,,,,
367,105,0x7a7a38a3bc38e7fab3e8dffe513d9bf6f60fda31,,,,
367,105,0x63363140d3b8ada0d152c9b487fb244d0d311949,,,,
367,105,0x806ef56026c4b142c21ef7a155f4dc1f8590a2ba,,,,
367,105,0x7b61505e579cf7c52b95cd242612e03ab9a26b28,,,,
367,105,0x416f135fFF8625E11fa03d8bCD87D5E4568627c3,,,,
367,105,0x806ef56026c4b142c21ef7a155f4dc1f8590a2ba,,,,
367,105,0x416f135fFF8625E11fa03d8bCD87D5E4568627c3,,,,
367,105,0x6657490a88896d744dc8af67bac605844518bf2d,,,,
367,105,0x416f135fFF8625E11fa03d8bCD87D5E4568627c3,,,,
367,105,0x36cb7898012e3b19070554be377f7c0e708be229,,,,
367,105,0x45eff28aaf3c6feb4aa10bab9f3eb191d0aa6508,,,,
367,105,0x806ef56026c4b142c21ef7a155f4dc1f8590a2ba,,,,
367,105,0x09de3bfad2fe056bb35f4c1e2ffeb17cfeeea3c5,,,,
367,105,0x45eff28aaf3c6feb4aa10bab9f3eb191d0aa6508,,,,
367,105,0x806ef56026c4b142c21ef7a155f4dc1f8590a2ba,,,,
367,105,0x556d0da07c8a37bce930cc301247e9a7e9e1082d,,,,
367,105,0x7b61505e579cf7c52b95cd242612e03ab9a26b28,,,,
367,105,0x416f135fFF8625E11fa03d8bCD87D5E4568627c3,,,,
367,105,0x72e9605b9b8bdf3501a3f116f50660d7e577404f,,,,
367,105,0x63363140d3b8ada0d152c9b487fb244d0d311949,,,,
367,105,0x45eff28aaf3c6feb4aa10bab9f3eb191d0aa6508,,,,
367,105,0x4dc17f234784a62c0f6e04330b6ef10ad0874d0f,,,,
367,105,0x6657490a88896d744dc8af67bac605844518bf2d,,,,
367,105,0x7a7a38a3bc38e7fab3e8dffe513d9bf6f60fda31,,,,
367,105,0xfecc129cb601b754813936f238a7c56086982f4c,,,,
367,105,0x63363140d3b8ada0d152c9b487fb244d0d311949,,,,
367,105,0x7b61505e579cf7c52b95cd242612e03ab9a26b28,,,,
367,105,0x7a7a38a3bc38e7fab3e8dffe513d9bf6f60fda31,,,,
367,105,0x556d0da07c8a37bce930cc301247e9a7e9e1082d,,,,
367,105,0x7b61505e579cf7c52b95cd242612e03ab9a26b28,,,,
367,105,0x416f135fFF8625E11fa03d8bCD87D5E4568627c3,,,,
367,105,0x09de3bfad2fe056bb35f4c1e2ffeb17cfeeea3c5,,,,
367,105,0x6657490a88896d744dc8af67bac605844518bf2d,,,,
367,105,0x09de3bfad2fe056bb35f4c1e2ffeb17cfeeea3c5,,,,
367,105,0x6657490a88896d744dc8af67bac605844518bf2d,,,,
367,105,0x7a7a38a3bc38e7fab3e8dffe513d9bf6f60fda31,,,,
367,105,0x261E678b3DD56D1C66aCd9E8443372faFDb35e15,,,,
368,105,0x416f135fFF8625E11fa03d8bCD87D5E4568627c3,,,,
368,105,0xd7fe007751821297da9ba0b64007577700afc890,,,,
368,105,0x72e9605b9b8bdf3501a3f116f50660d7e577404f,,,,
368,105,0xf3a7249b9b8bd17a7f3079f25fe64f581ce112ce,,,,
368,105,0x02163f125df7fed7d7d30fea5a590f9393b4edac,,,,
368,105,0x416f135fFF8625E11fa03d8bCD87D5E4568627c3,,,,
368,105,0x6657490a88896d744dc8af67bac605844518bf2d,,,,
368,105,0x6657490a88896d744dc8af67bac605844518bf2d,,,,
368,105,0xd7fe007751821297da9ba0b64007577700afc890,,,,
368,105,0x09de3bfad2fe056bb35f4c1e2ffeb17cfeeea3c5,,,,
368,105,0x63363140d3b8ada0d152c9b487fb244d0d311949,,,,
368,105,0x45eff28aaf3c6feb4aa10bab9f3eb191d0aa6508,,,,
368,105,0x72e9605b9b8bdf3501a3f116f50660d7e577404f,,,,
368,105,0xfecc129cb601b754813936f238a7c56086982f4c,,,,
368,105,0x416f135fFF8625E11fa03d8bCD87D5E4568627c3,,,,
368,105,0x556d0da07c8a37bce930cc301247e9a7e9e1082d,,,,
368,105,0x45eff28aaf3c6feb4aa10bab9f3eb191d0aa6508,,,,
368,105,0x7b61505e579cf7c52b95cd242612e03ab9a26b28,,,,
368,105,0x4be753b5e22fb28c7b6dc4bb660615110243db69,,,,
368,105,0x72e9605b9b8bdf3501a3f116f50660d7e577404f,,,,
368,105,0x4be753b5e22fb28c7b6dc4bb660615110243db69,,,,
368,105,0x416f135fFF8625E11fa03d8bCD87D5E4568627c3,,,,
368,105,0x6657490a88896d744dc8af67bac605844518bf2d,,,,
368,105,0x416f135fFF8625E11fa03d8bCD87D5E4568627c3,,,,
368,105,0x6657490a88896d744dc8af67bac605844518bf2d,,,,
368,105,0x416f135fFF8625E11fa03d8bCD87D5E4568627c3,,,,
368,105,0x7b61505e579cf7c52b95cd242612e03ab9a26b28,,,,
368,105,0x806ef56026c4b142c21ef7a155f4dc1f8590a2ba,,,,
368,105,0xd7fe007751821297da9ba0b64007577700afc890,,,,
368,105,0x7b61505e579cf7c52b95cd242612e03ab9a26b28,,,,
368,105,0x09de3bfad2fe056bb35f4c1e2ffeb17cfeeea3c5,,,,
368,105,0x02163f125df7fed7d7d30fea5a590f9393b4edac,,,,
368,105,0x416f135fFF8625E11fa03d8bCD87D5E4568627c3,,,,
368,105,0x7a7a38a3bc38e7fab3e8dffe513d9bf6f60fda31,,,,
368,105,0x7b61505e579cf7c52b95cd242612e03ab9a26b28,,,,
368,105,0x36cb7898012e3b19070554be377f7c0e708be229,,,,
368,105,0x556d0da07c8a37bce930cc301247e9a7e9e1082d,,,,
368,105,0x416f135fFF8625E11fa03d8bCD87D5E4568627c3,,,,
368,105,0x7a7a38a3bc38e7fab3e8dffe513d9bf6f60fda31,,,,
368,105,0xf3a7249b9b8bd17a7f3079f25fe64f581ce112ce,,,,
368,105,0x72e9605b9b8bdf3501a3f116f50660d7e577404f,,,,
368,105,0x416f135fFF8625E11fa03d8bCD87D5E4568627c3,,,,
368,105,0x7a7a38a3bc38e7fab3e8dffe513d9bf6f60fda31,,,,
368,105,0x63363140d3b8ada0d152c9b487fb244d0d311949,,,,
368,105,0x416f135fFF8625E11fa03d8bCD87D5E4568627c3,,,,
368,105,0x416f135fFF8625E11fa03d8bCD87D5E4568627c3,,,,
368,105,0x7a7a38a3bc38e7fab3e8dffe513d9bf6f60fda31,,,,
368,105,0x4be753b5e22fb28c7b6dc4bb660615110243db69,,,,
368,105,0x6657490a88896d744dc8af67bac605844518bf2d,,,,
368,105,0x72e9605b9b8bdf3501a3f116f50660d7e577404f,,,,
368,105,0x7b61505e579cf7c52b95cd242612e03ab9a26b28,,,,
368,105,0x63363140d3b8ada0d152c9b487fb244d0d311949,,,,
368,105,0x755847bab99d838b02a57ed23540f71a33415d13,,,,
368,105,0x416f135fFF8625E11fa03d8bCD87D5E4568627c3,,,,
368,105,0x4953df69b0e0e70d6bbc96da0a429fc4009dd881,,,,
368,105,0x556d0da07c8a37bce930cc301247e9a7e9e1082d,,,,
368,105,0x7a7a38a3bc38e7fab3e8dffe513d9bf6f60fda31,,,,
368,105,0x36cb7898012e3b19070554be377f7c0e708be229,,,,
368,105,0x63363140d3b8ada0d152c9b487fb244d0d311949,,,,
368,105,0x09de3bfad2fe056bb35f4c1e2ffeb17cfeeea3c5,,,,
368,105,0x7a7a38a3bc38e7fab3e8dffe513d9bf6f60fda31,,,,
368,105,0x09de3bfad2fe056bb35f4c1e2ffeb17cfeeea3c5,,,,
368,105,0x806ef56026c4b142c21ef7a155f4dc1f8590a2ba,,,,
368,105,0x72e9605b9b8bdf3501a3f116f50660d7e577404f,,,,
368,105,0x63363140d3b8ada0d152c9b487fb244d0d311949,,,,
368,105,0x45eff28aaf3c6feb4aa10bab9f3eb191d0aa6508,,,,
368,105,0x7b61505e579cf7c52b95cd242612e03ab9a26b28,,,,
368,105,0x556d0da07c8a37bce930cc301247e9a7e9e1082d,,,,
368,105,0x6657490a88896d744dc8af67bac605844518bf2d,,,,
368,105,0x72e9605b9b8bdf3501a3f116f50660d7e577404f,,,,
368,105,0x6657490a88896d744dc8af67bac605844518bf2d,,,,
368,105,0x7a7a38a3bc38e7fab3e8dffe513d9bf6f60fda31,,,,
368,105,0x09de3bfad2fe056bb35f4c1e2ffeb17cfeeea3c5,,,,
368,105,0xab76c8a0a8fb2fb2b4a9a7f0df541173ca6504bb,,,,
368,105,0x416f135fFF8625E11fa03d8bCD87D5E4568627c3,,,,
368,105,0x806ef56026c4b142c21ef7a155f4dc1f8590a2ba,,,,
368,105,0x416f135fFF8625E11fa03d8bCD87D5E4568627c3,,,,
368,105,0x556d0da07c8a37bce930cc301247e9a7e9e1082d,,,,
368,105,0xd7fe007751821297da9ba0b64007577700afc890,,,,
368,105,0x09de3bfad2fe056bb35f4c1e2ffeb17cfeeea3c5,,,,
368,105,0xab76c8a0a8fb2fb2b4a9a7f0df541173ca6504bb,,,,
368,105,0x7a7a38a3bc38e7fab3e8dffe513d9bf6f60fda31,,,,
368,105,0xf3a7249b9b8bd17a7f3079f25fe64f581ce112ce,,,,
368,105,0x09de3bfad2fe056bb35f4c1e2ffeb17cfeeea3c5,,,,
368,105,0x45eff28aaf3c6feb4aa10bab9f3eb191d0aa6508,,,,
368,105,0x72e9605b9b8bdf3501a3f116f50660d7e577404f,,,,
368,105,0x72e9605b9b8bdf3501a3f116f50660d7e577404f,,,,
368,105,0x09de3bfad2fe056bb35f4c1e2ffeb17cfeeea3c5,,,,
368,105,0x806ef56026c4b142c21ef7a155f4dc1f8590a2ba,,,,
368,105,0x4be753b5e22fb28c7b6dc4bb660615110243db69,,,,
368,105,0x6657490a88896d744dc8af67bac605844518bf2d,,,,
368,105,0x556d0da07c8a37bce930cc301247e9a7e9e1082d,,,,
368,105,0x72e9605b9b8bdf3501a3f116f50660d7e577404f,,,,
368,105,0x416f135fFF8625E11fa03d8bCD87D5E4568627c3,,,,
368,105,0x63363140d3b8ada0d152c9b487fb244d0d311949,,,,
368,105,0x556d0da07c8a37bce930cc301247e9a7e9e1082d,,,,
368,105,0xf3a7249b9b8bd17a7f3079f25fe64f581ce112ce,,,,
368,105,0x7a7a38a3bc38e7fab3e8dffe513d9bf6f60fda31,,,,
368,105,0x416f135fFF8625E11fa03d8bCD87D5E4568627c3,,,,
368,105,0x09de3bfad2fe056bb35f4c1e2ffeb17cfeeea3c5,,,,
368,105,0x416f135fFF8625E11fa03d8bCD87D5E4568627c3,,,,
368,105,0x416f135fFF8625E11fa03d8bCD87D5E4568627c3,,,,
368,105,0x7b61505e579cf7c52b95cd242612e03ab9a26b28,,,,
368,105,0x63363140d3b8ada0d152c9b487fb244d0d311949,,,,
368,105,0x261E678b3DD56D1C66aCd9E8443372faFDb35e15,,,,
369,105,0x6657490a88896d744dc8af67bac605844518bf2d,,,,
369,105,0x63363140d3b8ada0d152c9b487fb244d0d311949,,,,
369,105,0x6657490a88896d744dc8af67bac605844518bf2d,,,,
369,105,0x09de3bfad2fe056bb35f4c1e2ffeb17cfeeea3c5,,,,
369,105,0x7b61505e579cf7c52b95cd242612e03ab9a26b28,,,,
369,105,0x416f135fFF8625E11fa03d8bCD87D5E4568627c3,,,,
369,105,0x72e9605b9b8bdf3501a3f116f50660d7e577404f,,,,
369,105,0x45eff28aaf3c6feb4aa10bab9f3eb191d0aa6508,,,,
369,105,0x806ef56026c4b142c21ef7a155f4dc1f8590a2ba,,,,
369,105,0x6657490a88896d744dc8af67bac605844518bf2d,,,,
369,105,0x416f135fFF8625E11fa03d8bCD87D5E4568627c3,,,,
369,105,0xd7fe007751821297da9ba0b64007577700afc890,,,,
369,105,0x45eff28aaf3c6feb4aa10bab9f3eb191d0aa6508,,,,
369,105,0x6657490a88896d744dc8af67bac605844518bf2d,,,,
369,105,0x63363140d3b8ada0d152c9b487fb244d0d311949,,,,
369,105,0x6657490a88896d744dc8af67bac605844518bf2d,,,,
369,105,0xd7fe007751821297da9ba0b64007577700afc890,,,,
369,105,0x36cb7898012e3b19070554be377f7c0e708be229,,,,
369,105,0x7b61505e579cf7c52b95cd242612e03ab9a26b28,,,,
369,105,0x7b61505e579cf7c52b95cd242612e03ab9a26b28,,,,
369,105,0x6657490a88896d744dc8af67bac605844518bf2d,,,,
369,105,0x7b61505e579cf7c52b95cd242612e03ab9a26b28,,,,
369,105,0xd7fe007751821297da9ba0b64007577700afc890,,,,
369,105,0x806ef56026c4b142c21ef7a155f4dc1f8590a2ba,,,,
369,105,0x806ef56026c4b142c21ef7a155f4dc1f8590a2ba,,,,
369,105,0x416f135fFF8625E11fa03d8bCD87D5E4568627c3,,,,
369,105,0x45eff28aaf3c6feb4aa10bab9f3eb191d0aa6508,,,,
369,105,0x556d0da07c8a37bce930cc301247e9a7e9e1082d,,,,
369,105,0x72e9605b9b8bdf3501a3f116f50660d7e577404f,,,,
369,105,0x72e9605b9b8bdf3501a3f116f50660d7e577404f,,,,
369,105,0x09de3bfad2fe056bb35f4c1e2ffeb17cfeeea3c5,,,,
369,105,0x416f135fFF8625E11fa03d8bCD87D5E4568627c3,,,,
369,105,0x72e9605b9b8bdf3501a3f116f50660d7e577404f,,,,
369,105,0x416f135fFF8625E11fa03d8bCD87D5E4568627c3,,,,
369,105,0x72e9605b9b8bdf3501a3f116f50660d7e577404f,,,,
369,105,0x45eff28aaf3c6feb4aa10bab9f3eb191d0aa6508,,,,
369,105,0x36cb7898012e3b19070554be377f7c0e708be229,,,,
369,105,0x416f135fFF8625E11fa03d8bCD87D5E4568627c3,,,,
369,105,0x6657490a88896d744dc8af67bac605844518bf2d,,,,
369,105,0x556d0da07c8a37bce930cc301247e9a7e9e1082d,,,,
369,105,0x806ef56026c4b142c21ef7a155f4dc1f8590a2ba,,,,
369,105,0x806ef56026c4b142c21ef7a155f4dc1f8590a2ba,,,,
369,105,0x02163f125df7fed7d7d30fea5a590f9393b4edac,,,,
369,105,0x416f135fFF8625E11fa03d8bCD87D5E4568627c3,,,,
369,105,0x36cb7898012e3b19070554be377f7c0e708be229,,,,
369,105,0x7b61505e579cf7c52b95cd242612e03ab9a26b28,,,,
369,105,0x09de3bfad2fe056bb35f4c1e2ffeb17cfeeea3c5,,,,
369,105,0xf3a7249b9b8bd17a7f3079f25fe64f581ce112ce,,,,
369,105,0xab76c8a0a8fb2fb2b4a9a7f0df541173ca6504bb,,,,
369,105,0x09de3bfad2fe056bb35f4c1e2ffeb17cfeeea3c5,,,,
369,105,0x7b61505e579cf7c52b95cd242612e03ab9a26b28,,,,
369,105,0x09de3bfad2fe056bb35f4c1e2ffeb17cfeeea3c5,,,,
369,105,0x45eff28aaf3c6feb4aa10bab9f3eb191d0aa6508,,,,
369,105,0x416f135fFF8625E11fa03d8bCD87D5E4568627c3,,,,
369,105,0x806ef56026c4b142c21ef7a155f4dc1f8590a2ba,,,,
369,105,0x806ef56026c4b142c21ef7a155f4dc1f8590a2ba,,,,
369,105,0x7a7a38a3bc38e7fab3e8dffe513d9bf6f60fda31,,,,
369,105,0x36cb7898012e3b19070554be377f7c0e708be229,,,,
369,105,0x72e9605b9b8bdf3501a3f116f50660d7e577404f,,,,
369,105,0x09de3bfad2fe056bb35f4c1e2ffeb17cfeeea3c5,,,,
369,105,0xed8b2fb5ecefe0532ad68a8962e4c7db9c56230e,,,,
369,105,0x556d0da07c8a37bce930cc301247e9a7e9e1082d,,,,
369,105,0xf3a7249b9b8bd17a7f3079f25fe64f581ce112ce,,,,
369,105,0x7a7a38a3bc38e7fab3e8dffe513d9bf6f60fda31,,,,
369,105,0x36cb7898012e3b19070554be377f7c0e708be229,,,,
369,105,0x7a7a38a3bc38e7fab3e8dffe513d9bf6f60fda31,,,,
369,105,0xab76c8a0a8fb2fb2b4a9a7f0df541173ca6504bb,,,,
369,105,0x416f135fFF8625E11fa03d8bCD87D5E4568627c3,,,,
369,105,0x63363140d3b8ada0d152c9b487fb244d0d311949,,,,
369,105,0x6657490a88896d744dc8af67bac605844518bf2d,,,,
369,105,0x806ef56026c4b142c21ef7a155f4dc1f8590a2ba,,,,
369,105,0x7a7a38a3bc38e7fab3e8dffe513d9bf6f60fda31,,,,
369,105,0x7b61505e579cf7c52b95cd242612e03ab9a26b28,,,,
369,105,0x72e9605b9b8bdf3501a3f116f50660d7e577404f,,,,
369,105,0x7a7a38a3bc38e7fab3e8dffe513d9bf6f60fda31,,,,
369,105,0x7b61505e579cf7c52b95cd242612e03ab9a26b28,,,,
369,105,0x72e9605b9b8bdf3501a3f116f50660d7e577404f,,,,
369,105,0x7b61505e579cf7c52b95cd242612e03ab9a26b28,,,,
369,105,0x36cb7898012e3b19070554be377f7c0e708be229,,,,
369,105,0x36cb7898012e3b19070554be377f7c0e708be229,,,,
369,105,0x7a7a38a3bc38e7fab3e8dffe513d9bf6f60fda31,,,,
369,105,0x806ef56026c4b142c21ef7a155f4dc1f8590a2ba,,,,
369,105,0x416f135fFF8625E11fa03d8bCD87D5E4568627c3,,,,
369,105,0x7a7a38a3bc38e7fab3e8dffe513d9bf6f60fda31,,,,
369,105,0x63363140d3b8ada0d152c9b487fb244d0d311949,,,,
369,105,0x416f135fFF8625E11fa03d8bCD87D5E4568627c3,,,,
369,105,0x7a7a38a3bc38e7fab3e8dffe513d9bf6f60fda31,,,,
369,105,0x7b61505e579cf7c52b95cd242612e03ab9a26b28,,,,
369,105,0x45eff28aaf3c6feb4aa10bab9f3eb191d0aa6508,,,,
369,105,0x2de986a374cba9d56f062c4106063455779676fc,,,,
369,105,0x45eff28aaf3c6feb4aa10bab9f3eb191d0aa6508,,,,
369,105,0x556d0da07c8a37bce930cc301247e9a7e9e1082d,,,,
369,105,0x6657490a88896d744dc8af67bac605844518bf2d,,,,
369,105,0x9938e0be7c80b533d08d41ff02d7399e0e5facb5,,,,
369,105,0x36cb7898012e3b19070554be377f7c0e708be229,,,,
369,105,0x7b61505e579cf7c52b95cd242612e03ab9a26b28,,,,
369,105,0x45eff28aaf3c6feb4aa10bab9f3eb191d0aa6508,,,,
369,105,0xab76c8a0a8fb2fb2b4a9a7f0df541173ca6504bb,,,,
369,105,0x7a7a38a3bc38e7fab3e8dffe513d9bf6f60fda31,,,,
369,105,0x63363140d3b8ada0d152c9b487fb244d0d311949,,,,
369,105,0x02163f125df7fed7d7d30fea5a590f9393b4edac,,,,
369,105,0xd7fe007751821297da9ba0b64007577700afc890,,,,
369,105,0x09de3bfad2fe056bb35f4c1e2ffeb17cfeeea3c5,,,,
369,105,0x556d0da07c8a37bce930cc301247e9a7e9e1082d,,,,
369,105,0x261E678b3DD56D1C66aCd9E8443372faFDb35e15,,,,
370,105,0x806ef56026c4b142c21ef7a155f4dc1f8590a2ba,,,,
370,105,0x556d0da07c8a37bce930cc301247e9a7e9e1082d,,,,
370,105,0x416f135fFF8625E11fa03d8bCD87D5E4568627c3,,,,
370,105,0x7a7a38a3bc38e7fab3e8dffe513d9bf6f60fda31,,,,
370,105,0x72e9605b9b8bdf3501a3f116f50660d7e577404f,,,,
370,105,0x806ef56026c4b142c21ef7a155f4dc1f8590a2ba,,,,
370,105,0x72e9605b9b8bdf3501a3f116f50660d7e577404f,,,,
370,105,0x6657490a88896d744dc8af67bac605844518bf2d,,,,
370,105,0x4be753b5e22fb28c7b6dc4bb660615110243db69,,,,
370,105,0x416f135fFF8625E11fa03d8bCD87D5E4568627c3,,,,
370,105,0x72e9605b9b8bdf3501a3f116f50660d7e577404f,,,,
370,105,0x416f135fFF8625E11fa03d8bCD87D5E4568627c3,,,,
370,105,0x556d0da07c8a37bce930cc301247e9a7e9e1082d,,,,
370,105,0x6657490a88896d744dc8af67bac605844518bf2d,,,,
370,105,0x6657490a88896d744dc8af67bac605844518bf2d,,,,
370,105,0x45eff28aaf3c6feb4aa10bab9f3eb191d0aa6508,,,,
370,105,0x7a7a38a3bc38e7fab3e8dffe513d9bf6f60fda31,,,,
370,105,0x416f135fFF8625E11fa03d8bCD87D5E4568627c3,,,,
370,105,0x63363140d3b8ada0d152c9b487fb244d0d311949,,,,
370,105,0x416f135fFF8625E11fa03d8bCD87D5E4568627c3,,,,
370,105,0x36cb7898012e3b19070554be377f7c0e708be229,,,,
370,105,0x0309a8656bead1714f059df6d2efbe139b6897ed,,,,
370,105,0x7a7a38a3bc38e7fab3e8dffe513d9bf6f60fda31,,,,
370,105,0x7a7a38a3bc38e7fab3e8dffe513d9bf6f60fda31,,,,
370,105,0x7b61505e579cf7c52b95cd242612e03ab9a26b28,,,,
370,105,0x74c1a59d9eea9cbcd144b08d04c797403623e277,,,,
370,105,0x6657490a88896d744dc8af67bac605844518bf2d,,,,
370,105,0x72e9605b9b8bdf3501a3f116f50660d7e577404f,,,,
370,105,0x7b61505e579cf7c52b95cd242612e03ab9a26b28,,,,
370,105,0x7b61505e579cf7c52b95cd242612e03ab9a26b28,,,,
370,105,0x09de3bfad2fe056bb35f4c1e2ffeb17cfeeea3c5,,,,
370,105,0x09de3bfad2fe056bb35f4c1e2ffeb17cfeeea3c5,,,,
370,105,0x4be753b5e22fb28c7b6dc4bb660615110243db69,,,,
370,105,0x09de3bfad2fe056bb35f4c1e2ffeb17cfeeea3c5,,,,
370,105,0x416f135fFF8625E11fa03d8bCD87D5E4568627c3,,,,
370,105,0x6657490a88896d744dc8af67bac605844518bf2d,,,,
370,105,0x45eff28aaf3c6feb4aa10bab9f3eb191d0aa6508,,,,
370,105,0x02163f125df7fed7d7d30fea5a590f9393b4edac,,,,
370,105,0x63363140d3b8ada0d152c9b487fb244d0d311949,,,,
370,105,0xf3a7249b9b8bd17a7f3079f25fe64f581ce112ce,,,,
370,105,0x416f135fFF8625E11fa03d8bCD87D5E4568627c3,,,,
370,105,0x09de3bfad2fe056bb35f4c1e2ffeb17cfeeea3c5,,,,
370,105,0x416f135fFF8625E11fa03d8bCD87D5E4568627c3,,,,
370,105,0x0309a8656bead1714f059df6d2efbe139b6897ed,,,,
370,105,0x7b61505e579cf7c52b95cd242612e03ab9a26b28,,,,
370,105,0x416f135fFF8625E11fa03d8bCD87D5E4568627c3,,,,
370,105,0x09de3bfad2fe056bb35f4c1e2ffeb17cfeeea3c5,,,,
370,105,0x806ef56026c4b142c21ef7a155f4dc1f8590a2ba,,,,
370,105,0x806ef56026c4b142c21ef7a155f4dc1f8590a2ba,,,,
370,105,0x7b61505e579cf7c52b95cd242612e03ab9a26b28,,,,
370,105,0xf3a7249b9b8bd17a7f3079f25fe64f581ce112ce,,,,
370,105,0x45eff28aaf3c6feb4aa10bab9f3eb191d0aa6508,,,,
370,105,0x806ef56026c4b142c21ef7a155f4dc1f8590a2ba,,,,
370,105,0x7a7a38a3bc38e7fab3e8dffe513d9bf6f60fda31,,,,
370,105,0x4be753b5e22fb28c7b6dc4bb660615110243db69,,,,
370,105,0x416f135fFF8625E11fa03d8bCD87D5E4568627c3,,,,
370,105,0x6657490a88896d744dc8af67bac605844518bf2d,,,,
370,105,0x4be753b5e22fb28c7b6dc4bb660615110243db69,,,,
370,105,0x416f135fFF8625E11fa03d8bCD87D5E4568627c3,,,,
370,105,0xab76c8a0a8fb2fb2b4a9a7f0df541173ca6504bb,,,,
370,105,0x6657490a88896d744dc8af67bac605844518bf2d,,,,
370,105,0x806ef56026c4b142c21ef7a155f4dc1f8590a2ba,,,,
370,105,0x36cb7898012e3b19070554be377f7c0e708be229,,,,
370,105,0x7a7a38a3bc38e7fab3e8dffe513d9bf6f60fda31,,,,
370,105,0x36cb7898012e3b19070554be377f7c0e708be229,,,,
370,105,0x806ef56026c4b142c21ef7a155f4dc1f8590a2ba,,,,
370,105,0x36cb7898012e3b19070554be377f7c0e708be229,,,,
370,105,0x556d0da07c8a37bce930cc301247e9a7e9e1082d,,,,
370,105,0x09de3bfad2fe056bb35f4c1e2ffeb17cfeeea3c5,,,,
370,105,0x63363140d3b8ada0d152c9b487fb244d0d311949,,,,
370,105,0x806ef56026c4b142c21ef7a155f4dc1f8590a2ba,,,,
370,105,0x09de3bfad2fe056bb35f4c1e2ffeb17cfeeea3c5,,,,
370,105,0x7b61505e579cf7c52b95cd242612e03ab9a26b28,,,,
370,105,0x58392e5755969d1f4cc21271158e31de6fa8a994,,,,
370,105,0xab76c8a0a8fb2fb2b4a9a7f0df541173ca6504bb,,,,
370,105,0xab76c8a0a8fb2fb2b4a9a7f0df541173ca6504bb,,,,
370,105,0x72e9605b9b8bdf3501a3f116f50660d7e577404f,,,,
370,105,0xab76c8a0a8fb2fb2b4a9a7f0df541173ca6504bb,,,,
370,105,0x755847bab99d838b02a57ed23540f71a33415d13,,,,
370,105,0x63363140d3b8ada0d152c9b487fb244d0d311949,,,,
370,105,0x806ef56026c4b142c21ef7a155f4dc1f8590a2ba,,,,
370,105,0x09de3bfad2fe056bb35f4c1e2ffeb17cfeeea3c5,,,,
370,105,0x36cb7898012e3b19070554be377f7c0e708be229,,,,
370,105,0x7b61505e579cf7c52b95cd242612e03ab9a26b28,,,,
370,105,0x416f135fFF8625E11fa03d8bCD87D5E4568627c3,,,,
370,105,0xab76c8a0a8fb2fb2b4a9a7f0df541173ca6504bb,,,,
370,105,0x72e9605b9b8bdf3501a3f116f50660d7e577404f,,,,
370,105,0x416f135fFF8625E11fa03d8bCD87D5E4568627c3,,,,
370,105,0x7a7a38a3bc38e7fab3e8dffe513d9bf6f60fda31,,,,
370,105,0x416f135fFF8625E11fa03d8bCD87D5E4568627c3,,,,
370,105,0x806ef56026c4b142c21ef7a155f4dc1f8590a2ba,,,,
370,105,0x72e9605b9b8bdf3501a3f116f50660d7e577404f,,,,
370,105,0x45eff28aaf3c6feb4aa10bab9f3eb191d0aa6508,,,,
370,105,0x63363140d3b8ada0d152c9b487fb244d0d311949,,,,
370,105,0xab76c8a0a8fb2fb2b4a9a7f0df541173ca6504bb,,,,
370,105,0x416f135fFF8625E11fa03d8bCD87D5E4568627c3,,,,
370,105,0xd7fe007751821297da9ba0b64007577700afc890,,,,
370,105,0x72e9605b9b8bdf3501a3f116f50660d7e577404f,,,,
370,105,0x09de3bfad2fe056bb35f4c1e2ffeb17cfeeea3c5,,,,
370,105,0x63363140d3b8ada0d152c9b487fb244d0d311949,,,,
370,105,0x63363140d3b8ada0d152c9b487fb244d0d311949,,,,
370,105,0x416f135fFF8625E11fa03d8bCD87D5E4568627c3,,,,
370,105,0x6657490a88896d744dc8af67bac605844518bf2d,,,,
370,105,0x63363140d3b8ada0d152c9b487fb244d0d311949,,,,
370,105,0x261E678b3DD56D1C66aCd9E8443372faFDb35e15,,,,
371,105,0x556d0da07c8a37bce930cc301247e9a7e9e1082d,,,,
371,105,0x72e9605b9b8bdf3501a3f116f50660d7e577404f,,,,
371,105,0x416f135fFF8625E11fa03d8bCD87D5E4568627c3,,,,
371,105,0x09de3bfad2fe056bb35f4c1e2ffeb17cfeeea3c5,,,,
371,105,0x6657490a88896d744dc8af67bac605844518bf2d,,,,
371,105,0x7b61505e579cf7c52b95cd242612e03ab9a26b28,,,,
371,105,0x09de3bfad2fe056bb35f4c1e2ffeb17cfeeea3c5,,,,
371,105,0x6657490a88896d744dc8af67bac605844518bf2d,,,,
371,105,0x09de3bfad2fe056bb35f4c1e2ffeb17cfeeea3c5,,,,
371,105,0x6657490a88896d744dc8af67bac605844518bf2d,,,,
371,105,0x09de3bfad2fe056bb35f4c1e2ffeb17cfeeea3c5,,,,
371,105,0x09de3bfad2fe056bb35f4c1e2ffeb17cfeeea3c5,,,,
371,105,0x09de3bfad2fe056bb35f4c1e2ffeb17cfeeea3c5,,,,
371,105,0x7a7a38a3bc38e7fab3e8dffe513d9bf6f60fda31,,,,
371,105,0xf3a7249b9b8bd17a7f3079f25fe64f581ce112ce,,,,
371,105,0x7a7a38a3bc38e7fab3e8dffe513d9bf6f60fda31,,,,
371,105,0x7a7a38a3bc38e7fab3e8dffe513d9bf6f60fda31,,,,
371,105,0x806ef56026c4b142c21ef7a155f4dc1f8590a2ba,,,,
371,105,0x7a7a38a3bc38e7fab3e8dffe513d9bf6f60fda31,,,,
371,105,0x806ef56026c4b142c21ef7a155f4dc1f8590a2ba,,,,
371,105,0x6657490a88896d744dc8af67bac605844518bf2d,,,,
371,105,0xd7fe007751821297da9ba0b64007577700afc890,,,,
371,105,0x45eff28aaf3c6feb4aa10bab9f3eb191d0aa6508,,,,
371,105,0x416f135fFF8625E11fa03d8bCD87D5E4568627c3,,,,
371,105,0x63363140d3b8ada0d152c9b487fb244d0d311949,,,,
371,105,0x63363140d3b8ada0d152c9b487fb244d0d311949,,,,
371,105,0x6657490a88896d744dc8af67bac605844518bf2d,,,,
371,105,0x7a7a38a3bc38e7fab3e8dffe513d9bf6f60fda31,,,,
371,105,0x7a7a38a3bc38e7fab3e8dffe513d9bf6f60fda31,,,,
371,105,0x2de986a374cba9d56f062c4106063455779676fc,,,,
371,105,0x806ef56026c4b142c21ef7a155f4dc1f8590a2ba,,,,
371,105,0x63363140d3b8ada0d152c9b487fb244d0d311949,,,,
371,105,0x45eff28aaf3c6feb4aa10bab9f3eb191d0aa6508,,,,
371,105,0x7a7a38a3bc38e7fab3e8dffe513d9bf6f60fda31,,,,
371,105,0xf3a7249b9b8bd17a7f3079f25fe64f581ce112ce,,,,
371,105,0x7b61505e579cf7c52b95cd242612e03ab9a26b28,,,,
371,105,0x72e9605b9b8bdf3501a3f116f50660d7e577404f,,,,
371,105,0x4953df69b0e0e70d6bbc96da0a429fc4009dd881,,,,
371,105,0x7a7a38a3bc38e7fab3e8dffe513d9bf6f60fda31,,,,
371,105,0x6657490a88896d744dc8af67bac605844518bf2d,,,,
371,105,0x6657490a88896d744dc8af67bac605844518bf2d,,,,
371,105,0x45eff28aaf3c6feb4aa10bab9f3eb191d0aa6508,,,,
371,105,0x09de3bfad2fe056bb35f4c1e2ffeb17cfeeea3c5,,,,
371,105,0x72e9605b9b8bdf3501a3f116f50660d7e577404f,,,,
371,105,0x7b61505e579cf7c52b95cd242612e03ab9a26b28,,,,
371,105,0x45eff28aaf3c6feb4aa10bab9f3eb191d0aa6508,,,,
371,105,0x7b61505e579cf7c52b95cd242612e03ab9a26b28,,,,
371,105,0x72e9605b9b8bdf3501a3f116f50660d7e577404f,,,,
371,105,0x806ef56026c4b142c21ef7a155f4dc1f8590a2ba,,,,
371,105,0x556d0da07c8a37bce930cc301247e9a7e9e1082d,,,,
371,105,0x416f135fFF8625E11fa03d8bCD87D5E4568627c3,,,,
371,105,0x09de3bfad2fe056bb35f4c1e2ffeb17cfeeea3c5,,,,
371,105,0x416f135fFF8625E11fa03d8bCD87D5E4568627c3,,,,
371,105,0x02163f125df7fed7d7d30fea5a590f9393b4edac,,,,
371,105,0x4be753b5e22fb28c7b6dc4bb660615110243db69,,,,
371,105,0x09de3bfad2fe056bb35f4c1e2ffeb17cfeeea3c5,,,,
371,105,0x72e9605b9b8bdf3501a3f116f50660d7e577404f,,,,
371,105,0xab76c8a0a8fb2fb2b4a9a7f0df541173ca6504bb,,,,
371,105,0x416f135fFF8625E11fa03d8bCD87D5E4568627c3,,,,
371,105,0x556d0da07c8a37bce930cc301247e9a7e9e1082d,,,,
371,105,0x36cb7898012e3b19070554be377f7c0e708be229,,,,
371,105,0xab76c8a0a8fb2fb2b4a9a7f0df541173ca6504bb,,,,
371,105,0x416f135fFF8625E11fa03d8bCD87D5E4568627c3,,,,
371,105,0x74c1a59d9eea9cbcd144b08d04c797403623e277,,,,
371,105,0x556d0da07c8a37bce930cc301247e9a7e9e1082d,,,,
371,105,0x556d0da07c8a37bce930cc301247e9a7e9e1082d,,,,
371,105,0x6657490a88896d744dc8af67bac605844518bf2d,,,,
371,105,0xab76c8a0a8fb2fb2b4a9a7f0df541173ca6504bb,,,,
371,105,0x36cb7898012e3b19070554be377f7c0e708be229,,,,
371,105,0x63363140d3b8ada0d152c9b487fb244d0d311949,,,,
371,105,0x7a7a38a3bc38e7fab3e8dffe513d9bf6f60fda31,,,,
371,105,0x45eff28aaf3c6feb4aa10bab9f3eb191d0aa6508,,,,
371,105,0x7a7a38a3bc38e7fab3e8dffe513d9bf6f60fda31,,,,
371,105,0x09de3bfad2fe056bb35f4c1e2ffeb17cfeeea3c5,,,,
371,105,0x6657490a88896d744dc8af67bac605844518bf2d,,,,
371,105,0x45eff28aaf3c6feb4aa10bab9f3eb191d0aa6508,,,,
371,105,0x6657490a88896d744dc8af67bac605844518bf2d,,,,
371,105,0x806ef56026c4b142c21ef7a155f4dc1f8590a2ba,,,,
371,105,0x09de3bfad2fe056bb35f4c1e2ffeb17cfeeea3c5,,,,
371,105,0x4be753b5e22fb28c7b6dc4bb660615110243db69,,,,
371,105,0x02163f125df7fed7d7d30fea5a590f9393b4edac,,,,
371,105,0x6657490a88896d744dc8af67bac605844518bf2d,,,,
371,105,0x7b61505e579cf7c52b95cd242612e03ab9a26b28,,,,
371,105,0xab76c8a0a8fb2fb2b4a9a7f0df541173ca6504bb,,,,
371,105,0x7a7a38a3bc38e7fab3e8dffe513d9bf6f60fda31,,,,
371,105,0x7b61505e579cf7c52b95cd242612e03ab9a26b28,,,,
371,105,0x6657490a88896d744dc8af67bac605844518bf2d,,,,
371,105,0x45eff28aaf3c6feb4aa10bab9f3eb191d0aa6508,,,,
371,105,0xab76c8a0a8fb2fb2b4a9a7f0df541173ca6504bb,,,,
371,105,0x09de3bfad2fe056bb35f4c1e2ffeb17cfeeea3c5,,,,
371,105,0x4be753b5e22fb28c7b6dc4bb660615110243db69,,,,
371,105,0xab76c8a0a8fb2fb2b4a9a7f0df541173ca6504bb,,,,
371,105,0x7a7a38a3bc38e7fab3e8dffe513d9bf6f60fda31,,,,
371,105,0x6657490a88896d744dc8af67bac605844518bf2d,,,,
371,105,0x63363140d3b8ada0d152c9b487fb244d0d311949,,,,
371,105,0xfecc129cb601b754813936f238a7c56086982f4c,,,,
371,105,0x7a7a38a3bc38e7fab3e8dffe513d9bf6f60fda31,,,,
371,105,0x45eff28aaf3c6feb4aa10bab9f3eb191d0aa6508,,,,
371,105,0xf3a7249b9b8bd17a7f3079f25fe64f581ce112ce,,,,
371,105,0x36cb7898012e3b19070554be377f7c0e708be229,,,,
371,105,0xab76c8a0a8fb2fb2b4a9a7f0df541173ca6504bb,,,,
371,105,0x4dc17f234784a62c0f6e04330b6ef10ad0874d0f,,,,
371,105,0x7a7a38a3bc38e7fab3e8dffe513d9bf6f60fda31,,,,
371,105,0xab76c8a0a8fb2fb2b4a9a7f0df541173ca6504bb,,,,
371,105,0x261E678b3DD56D1C66aCd9E8443372faFDb35e15,,,,
372,105,0x6657490a88896d744dc8af67bac605844518bf2d,,,,
372,105,0x806ef56026c4b142c21ef7a155f4dc1f8590a2ba,,,,
372,105,0x7a7a38a3bc38e7fab3e8dffe513d9bf6f60fda31,,,,
372,105,0x63363140d3b8ada0d152c9b487fb244d0d311949,,,,
372,105,0x63363140d3b8ada0d152c9b487fb244d0d311949,,,,
372,105,0x09de3bfad2fe056bb35f4c1e2ffeb17cfeeea3c5,,,,
372,105,0x7a7a38a3bc38e7fab3e8dffe513d9bf6f60fda31,,,,
372,105,0x416f135fFF8625E11fa03d8bCD87D5E4568627c3,,,,
372,105,0x09de3bfad2fe056bb35f4c1e2ffeb17cfeeea3c5,,,,
372,105,0x72e9605b9b8bdf3501a3f116f50660d7e577404f,,,,
372,105,0x09de3bfad2fe056bb35f4c1e2ffeb17cfeeea3c5,,,,
372,105,0xab76c8a0a8fb2fb2b4a9a7f0df541173ca6504bb,,,,
372,105,0x416f135fFF8625E11fa03d8bCD87D5E4568627c3,,,,
372,105,0x806ef56026c4b142c21ef7a155f4dc1f8590a2ba,,,,
372,105,0xab76c8a0a8fb2fb2b4a9a7f0df541173ca6504bb,,,,
372,105,0x09de3bfad2fe056bb35f4c1e2ffeb17cfeeea3c5,,,,
372,105,0x7b61505e579cf7c52b95cd242612e03ab9a26b28,,,,
372,105,0x36cb7898012e3b19070554be377f7c0e708be229,,,,
372,105,0x63363140d3b8ada0d152c9b487fb244d0d311949,,,,
372,105,0x7a7a38a3bc38e7fab3e8dffe513d9bf6f60fda31,,,,
372,105,0x6657490a88896d744dc8af67bac605844518bf2d,,,,
372,105,0x416f135fFF8625E11fa03d8bCD87D5E4568627c3,,,,
372,105,0xab76c8a0a8fb2fb2b4a9a7f0df541173ca6504bb,,,,
372,105,0xf3a7249b9b8bd17a7f3079f25fe64f581ce112ce,,,,
372,105,0x755847bab99d838b02a57ed23540f71a33415d13,,,,
372,105,0x09de3bfad2fe056bb35f4c1e2ffeb17cfeeea3c5,,,,
372,105,0x7b61505e579cf7c52b95cd242612e03ab9a26b28,,,,
372,105,0x416f135fFF8625E11fa03d8bCD87D5E4568627c3,,,,
372,105,0x7b61505e579cf7c52b95cd242612e03ab9a26b28,,,,
372,105,0x45eff28aaf3c6feb4aa10bab9f3eb191d0aa6508,,,,
372,105,0x7a7a38a3bc38e7fab3e8dffe513d9bf6f60fda31,,,,
372,105,0x7a7a38a3bc38e7fab3e8dffe513d9bf6f60fda31,,,,
372,105,0x72e9605b9b8bdf3501a3f116f50660d7e577404f,,,,
372,105,0x63363140d3b8ada0d152c9b487fb244d0d311949,,,,
372,105,0x63363140d3b8ada0d152c9b487fb244d0d311949,,,,
372,105,0x416f135fFF8625E11fa03d8bCD87D5E4568627c3,,,,
372,105,0x6657490a88896d744dc8af67bac605844518bf2d,,,,
372,105,0x09de3bfad2fe056bb35f4c1e2ffeb17cfeeea3c5,,,,
372,105,0x36cb7898012e3b19070554be377f7c0e708be229,,,,
372,105,0x7b61505e579cf7c52b95cd242612e03ab9a26b28,,,,
372,105,0x4be753b5e22fb28c7b6dc4bb660615110243db69,,,,
372,105,0x63363140d3b8ada0d152c9b487fb244d0d311949,,,,
372,105,0x63363140d3b8ada0d152c9b487fb244d0d311949,,,,
372,105,0x02b5fe81f4c43a145136c7a6e5bff9b72e63a2cc,,,,
372,105,0x6657490a88896d744dc8af67bac605844518bf2d,,,,
372,105,0x806ef56026c4b142c21ef7a155f4dc1f8590a2ba,,,,
372,105,0x7a7a38a3bc38e7fab3e8dffe513d9bf6f60fda31,,,,
372,105,0x72e9605b9b8bdf3501a3f116f50660d7e577404f,,,,
372,105,0x806ef56026c4b142c21ef7a155f4dc1f8590a2ba,,,,
372,105,0x72e9605b9b8bdf3501a3f116f50660d7e577404f,,,,
372,105,0x7a7a38a3bc38e7fab3e8dffe513d9bf6f60fda31,,,,
372,105,0x416f135fFF8625E11fa03d8bCD87D5E4568627c3,,,,
372,105,0x6657490a88896d744dc8af67bac605844518bf2d,,,,
372,105,0x72e9605b9b8bdf3501a3f116f50660d7e577404f,,,,
372,105,0x72e9605b9b8bdf3501a3f116f50660d7e577404f,,,,
372,105,0x7a7a38a3bc38e7fab3e8dffe513d9bf6f60fda31,,,,
372,105,0xf3a7249b9b8bd17a7f3079f25fe64f581ce112ce,,,,
372,105,0x72e9605b9b8bdf3501a3f116f50660d7e577404f,,,,
372,105,0x36cb7898012e3b19070554be377f7c0e708be229,,,,
372,105,0x09de3bfad2fe056bb35f4c1e2ffeb17cfeeea3c5,,,,
372,105,0x7a7a38a3bc38e7fab3e8dffe513d9bf6f60fda31,,,,
372,105,0x7a7a38a3bc38e7fab3e8dffe513d9bf6f60fda31,,,,
372,105,0x6657490a88896d744dc8af67bac605844518bf2d,,,,
372,105,0x806ef56026c4b142c21ef7a155f4dc1f8590a2ba,,,,
372,105,0x74c1a59d9eea9cbcd144b08d04c797403623e277,,,,
372,105,0x6657490a88896d744dc8af67bac605844518bf2d,,,,
372,105,0x63363140d3b8ada0d152c9b487fb244d0d311949,,,,
372,105,0x09de3bfad2fe056bb35f4c1e2ffeb17cfeeea3c5,,,,
372,105,0x63363140d3b8ada0d152c9b487fb244d0d311949,,,,
372,105,0xab76c8a0a8fb2fb2b4a9a7f0df541173ca6504bb,,,,
372,105,0xab76c8a0a8fb2fb2b4a9a7f0df541173ca6504bb,,,,
372,105,0x6657490a88896d744dc8af67bac605844518bf2d,,,,
372,105,0x416f135fFF8625E11fa03d8bCD87D5E4568627c3,,,,
372,105,0x72e9605b9b8bdf3501a3f116f50660d7e577404f,,,,
372,105,0x416f135fFF8625E11fa03d8bCD87D5E4568627c3,,,,
372,105,0x72e9605b9b8bdf3501a3f116f50660d7e577404f,,,,
372,105,0x6657490a88896d744dc8af67bac605844518bf2d,,,,
372,105,0x09de3bfad2fe056bb35f4c1e2ffeb17cfeeea3c5,,,,
372,105,0x556d0da07c8a37bce930cc301247e9a7e9e1082d,,,,
372,105,0x806ef56026c4b142c21ef7a155f4dc1f8590a2ba,,,,
372,105,0x7a7a38a3bc38e7fab3e8dffe513d9bf6f60fda31,,,,
372,105,0x09de3bfad2fe056bb35f4c1e2ffeb17cfeeea3c5,,,,
372,105,0x416f135fFF8625E11fa03d8bCD87D5E4568627c3,,,,
372,105,0x806ef56026c4b142c21ef7a155f4dc1f8590a2ba,,,,
372,105,0x72e9605b9b8bdf3501a3f116f50660d7e577404f,,,,
372,105,0x09de3bfad2fe056bb35f4c1e2ffeb17cfeeea3c5,,,,
372,105,0xab76c8a0a8fb2fb2b4a9a7f0df541173ca6504bb,,,,
372,105,0x416f135fFF8625E11fa03d8bCD87D5E4568627c3,,,,
372,105,0x7b61505e579cf7c52b95cd242612e03ab9a26b28,,,,
372,105,0x63363140d3b8ada0d152c9b487fb244d0d311949,,,,
372,105,0xd7fe007751821297da9ba0b64007577700afc890,,,,
372,105,0x7b61505e579cf7c52b95cd242612e03ab9a26b28,,,,
372,105,0x09de3bfad2fe056bb35f4c1e2ffeb17cfeeea3c5,,,,
372,105,0x806ef56026c4b142c21ef7a155f4dc1f8590a2ba,,,,
372,105,0x45eff28aaf3c6feb4aa10bab9f3eb191d0aa6508,,,,
372,105,0x806ef56026c4b142c21ef7a155f4dc1f8590a2ba,,,,
372,105,0x63363140d3b8ada0d152c9b487fb244d0d311949,,,,
372,105,0x416f135fFF8625E11fa03d8bCD87D5E4568627c3,,,,
372,105,0x416f135fFF8625E11fa03d8bCD87D5E4568627c3,,,,
372,105,0x09de3bfad2fe056bb35f4c1e2ffeb17cfeeea3c5,,,,
372,105,0x556d0da07c8a37bce930cc301247e9a7e9e1082d,,,,
372,105,0x7a7a38a3bc38e7fab3e8dffe513d9bf6f60fda31,,,,
372,105,0x02163f125df7fed7d7d30fea5a590f9393b4edac,,,,
372,105,0x4953df69b0e0e70d6bbc96da0a429fc4009dd881,,,,
372,105,0x261E678b3DD56D1C66aCd9E8443372faFDb35e15,,,,
373,105,0x4be753b5e22fb28c7b6dc4bb660615110243db69,,,,
373,105,0x416f135fFF8625E11fa03d8bCD87D5E4568627c3,,,,
373,105,0x36cb7898012e3b19070554be377f7c0e708be229,,,,
373,105,0x6657490a88896d744dc8af67bac605844518bf2d,,,,
373,105,0x09de3bfad2fe056bb35f4c1e2ffeb17cfeeea3c5,,,,
373,105,0x09de3bfad2fe056bb35f4c1e2ffeb17cfeeea3c5,,,,
373,105,0x63363140d3b8ada0d152c9b487fb244d0d311949,,,,
373,105,0x806ef56026c4b142c21ef7a155f4dc1f8590a2ba,,,,
373,105,0x7b61505e579cf7c52b95cd242612e03ab9a26b28,,,,
373,105,0x6657490a88896d744dc8af67bac605844518bf2d,,,,
373,105,0x416f135fFF8625E11fa03d8bCD87D5E4568627c3,,,,
373,105,0x416f135fFF8625E11fa03d8bCD87D5E4568627c3,,,,
373,105,0x6657490a88896d744dc8af67bac605844518bf2d,,,,
373,105,0x556d0da07c8a37bce930cc301247e9a7e9e1082d,,,,
373,105,0x63363140d3b8ada0d152c9b487fb244d0d311949,,,,
373,105,0x416f135fFF8625E11fa03d8bCD87D5E4568627c3,,,,
373,105,0x7b61505e579cf7c52b95cd242612e03ab9a26b28,,,,
373,105,0xab76c8a0a8fb2fb2b4a9a7f0df541173ca6504bb,,,,
373,105,0x45eff28aaf3c6feb4aa10bab9f3eb191d0aa6508,,,,
373,105,0x6657490a88896d744dc8af67bac605844518bf2d,,,,
373,105,0x7a7a38a3bc38e7fab3e8dffe513d9bf6f60fda31,,,,
373,105,0x09de3bfad2fe056bb35f4c1e2ffeb17cfeeea3c5,,,,
373,105,0xf3a7249b9b8bd17a7f3079f25fe64f581ce112ce,,,,
373,105,0x45eff28aaf3c6feb4aa10bab9f3eb191d0aa6508,,,,
373,105,0x09de3bfad2fe056bb35f4c1e2ffeb17cfeeea3c5,,,,
373,105,0x7a7a38a3bc38e7fab3e8dffe513d9bf6f60fda31,,,,
373,105,0x7b61505e579cf7c52b95cd242612e03ab9a26b28,,,,
373,105,0x4be753b5e22fb28c7b6dc4bb660615110243db69,,,,
373,105,0x416f135fFF8625E11fa03d8bCD87D5E4568627c3,,,,
373,105,0x416f135fFF8625E11fa03d8bCD87D5E4568627c3,,,,
373,105,0x755847bab99d838b02a57ed23540f71a33415d13,,,,
373,105,0x6657490a88896d744dc8af67bac605844518bf2d,,,,
373,105,0x09de3bfad2fe056bb35f4c1e2ffeb17cfeeea3c5,,,,
373,105,0x416f135fFF8625E11fa03d8bCD87D5E4568627c3,,,,
373,105,0x36cb7898012e3b19070554be377f7c0e708be229,,,,
373,105,0x416f135fFF8625E11fa03d8bCD87D5E4568627c3,,,,
373,105,0x416f135fFF8625E11fa03d8bCD87D5E4568627c3,,,,
373,105,0x6657490a88896d744dc8af67bac605844518bf2d,,,,
373,105,0x7a7a38a3bc38e7fab3e8dffe513d9bf6f60fda31,,,,
373,105,0x0309a8656bead1714f059df6d2efbe139b6897ed,,,,
373,105,0x7a7a38a3bc38e7fab3e8dffe513d9bf6f60fda31,,,,
373,105,0x416f135fFF8625E11fa03d8bCD87D5E4568627c3,,,,
373,105,0x63363140d3b8ada0d152c9b487fb244d0d311949,,,,
373,105,0x45eff28aaf3c6feb4aa10bab9f3eb191d0aa6508,,,,
373,105,0x806ef56026c4b142c21ef7a155f4dc1f8590a2ba,,,,
373,105,0xab76c8a0a8fb2fb2b4a9a7f0df541173ca6504bb,,,,
373,105,0x6657490a88896d744dc8af67bac605844518bf2d,,,,
373,105,0x09de3bfad2fe056bb35f4c1e2ffeb17cfeeea3c5,,,,
373,105,0x7b61505e579cf7c52b95cd242612e03ab9a26b28,,,,
373,105,0x63363140d3b8ada0d152c9b487fb244d0d311949,,,,
373,105,0x7a7a38a3bc38e7fab3e8dffe513d9bf6f60fda31,,,,
373,105,0x416f135fFF8625E11fa03d8bCD87D5E4568627c3,,,,
373,105,0x7a7a38a3bc38e7fab3e8dffe513d9bf6f60fda31,,,,
373,105,0x6657490a88896d744dc8af67bac605844518bf2d,,,,
373,105,0x416f135fFF8625E11fa03d8bCD87D5E4568627c3,,,,
373,105,0x63363140d3b8ada0d152c9b487fb244d0d311949,,,,
373,105,0x6657490a88896d744dc8af67bac605844518bf2d,,,,
373,105,0x09de3bfad2fe056bb35f4c1e2ffeb17cfeeea3c5,,,,
373,105,0x63363140d3b8ada0d152c9b487fb244d0d311949,,,,
373,105,0x72e9605b9b8bdf3501a3f116f50660d7e577404f,,,,
373,105,0x09de3bfad2fe056bb35f4c1e2ffeb17cfeeea3c5,,,,
373,105,0x755847bab99d838b02a57ed23540f71a33415d13,,,,
373,105,0x7b61505e579cf7c52b95cd242612e03ab9a26b28,,,,
373,105,0xfecc129cb601b754813936f238a7c56086982f4c,,,,
373,105,0x6657490a88896d744dc8af67bac605844518bf2d,,,,
373,105,0x556d0da07c8a37bce930cc301247e9a7e9e1082d,,,,
373,105,0x45eff28aaf3c6feb4aa10bab9f3eb191d0aa6508,,,,
373,105,0x556d0da07c8a37bce930cc301247e9a7e9e1082d,,,,
373,105,0x09de3bfad2fe056bb35f4c1e2ffeb17cfeeea3c5,,,,
373,105,0x7b61505e579cf7c52b95cd242612e03ab9a26b28,,,,
373,105,0x45eff28aaf3c6feb4aa10bab9f3eb191d0aa6508,,,,
373,105,0x36cb7898012e3b19070554be377f7c0e708be229,,,,
373,105,0x7b61505e579cf7c52b95cd242612e03ab9a26b28,,,,
373,105,0x806ef56026c4b142c21ef7a155f4dc1f8590a2ba,,,,
373,105,0x09de3bfad2fe056bb35f4c1e2ffeb17cfeeea3c5,,,,
373,105,0x36cb7898012e3b19070554be377f7c0e708be229,,,,
373,105,0x83dd5a88915a4e065a52930a8270c656905eb5c8,,,,
373,105,0x63363140d3b8ada0d152c9b487fb244d0d311949,,,,
373,105,0x416f135fFF8625E11fa03d8bCD87D5E4568627c3,,,,
373,105,0x806ef56026c4b142c21ef7a155f4dc1f8590a2ba,,,,
373,105,0x09de3bfad2fe056bb35f4c1e2ffeb17cfeeea3c5,,,,
373,105,0x6657490a88896d744dc8af67bac605844518bf2d,,,,
373,105,0xf3a7249b9b8bd17a7f3079f25fe64f581ce112ce,,,,
373,105,0x72e9605b9b8bdf3501a3f116f50660d7e577404f,,,,
373,105,0x63363140d3b8ada0d152c9b487fb244d0d311949,,,,
373,105,0x7b61505e579cf7c52b95cd242612e03ab9a26b28,,,,
373,105,0xfecc129cb601b754813936f238a7c56086982f4c,,,,
373,105,0x72e9605b9b8bdf3501a3f116f50660d7e577404f,,,,
373,105,0x7a7a38a3bc38e7fab3e8dffe513d9bf6f60fda31,,,,
373,105,0x416f135fFF8625E11fa03d8bCD87D5E4568627c3,,,,
373,105,0x7b61505e579cf7c52b95cd242612e03ab9a26b28,,,,
373,105,0x416f135fFF8625E11fa03d8bCD87D5E4568627c3,,,,
373,105,0x556d0da07c8a37bce930cc301247e9a7e9e1082d,,,,
373,105,0x72e9605b9b8bdf3501a3f116f50660d7e577404f,,,,
373,105,0x416f135fFF8625E11fa03d8bCD87D5E4568627c3,,,,
373,105,0x09de3bfad2fe056bb35f4c1e2ffeb17cfeeea3c5,,,,
373,105,0x63363140d3b8ada0d152c9b487fb244d0d311949,,,,
373,105,0x63363140d3b8ada0d152c9b487fb244d0d311949,,,,
373,105,0x09de3bfad2fe056bb35f4c1e2ffeb17cfeeea3c5,,,,
373,105,0x0309a8656bead1714f059df6d2efbe139b6897ed,,,,
373,105,0x416f135fFF8625E11fa03d8bCD87D5E4568627c3,,,,
373,105,0x45eff28aaf3c6feb4aa10bab9f3eb191d0aa6508,,,,
373,105,0x806ef56026c4b142c21ef7a155f4dc1f8590a2ba,,,,
373,105,0x36cb7898012e3b19070554be377f7c0e708be229,,,,
373,105,0x261E678b3DD56D1C66aCd9E8443372faFDb35e15,,,,
374,105,0x63363140d3b8ada0d152c9b487fb244d0d311949,,,,
374,105,0x09de3bfad2fe056bb35f4c1e2ffeb17cfeeea3c5,,,,
374,105,0x63363140d3b8ada0d152c9b487fb244d0d311949,,,,
374,105,0xf3a7249b9b8bd17a7f3079f25fe64f581ce112ce,,,,
374,105,0xd7fe007751821297da9ba0b64007577700afc890,,,,
374,105,0x63363140d3b8ada0d152c9b487fb244d0d311949,,,,
374,105,0x7b61505e579cf7c52b95cd242612e03ab9a26b28,,,,
374,105,0x72e9605b9b8bdf3501a3f116f50660d7e577404f,,,,
374,105,0x6657490a88896d744dc8af67bac605844518bf2d,,,,
374,105,0x63363140d3b8ada0d152c9b487fb244d0d311949,,,,
374,105,0x416f135fFF8625E11fa03d8bCD87D5E4568627c3,,,,
374,105,0x7b61505e579cf7c52b95cd242612e03ab9a26b28,,,,
374,105,0x02163f125df7fed7d7d30fea5a590f9393b4edac,,,,
374,105,0x58392e5755969d1f4cc21271158e31de6fa8a994,,,,
374,105,0x4be753b5e22fb28c7b6dc4bb660615110243db69,,,,
374,105,0x4953df69b0e0e70d6bbc96da0a429fc4009dd881,,,,
374,105,0x6657490a88896d744dc8af67bac605844518bf2d,,,,
374,105,0x36cb7898012e3b19070554be377f7c0e708be229,,,,
374,105,0x09de3bfad2fe056bb35f4c1e2ffeb17cfeeea3c5,,,,
374,105,0x806ef56026c4b142c21ef7a155f4dc1f8590a2ba,,,,
374,105,0x416f135fFF8625E11fa03d8bCD87D5E4568627c3,,,,
374,105,0x0309a8656bead1714f059df6d2efbe139b6897ed,,,,
374,105,0x806ef56026c4b142c21ef7a155f4dc1f8590a2ba,,,,
374,105,0x6657490a88896d744dc8af67bac605844518bf2d,,,,
374,105,0x09de3bfad2fe056bb35f4c1e2ffeb17cfeeea3c5,,,,
374,105,0xab76c8a0a8fb2fb2b4a9a7f0df541173ca6504bb,,,,
374,105,0x416f135fFF8625E11fa03d8bCD87D5E4568627c3,,,,
374,105,0x45eff28aaf3c6feb4aa10bab9f3eb191d0aa6508,,,,
374,105,0x45eff28aaf3c6feb4aa10bab9f3eb191d0aa6508,,,,
374,105,0x7a7a38a3bc38e7fab3e8dffe513d9bf6f60fda31,,,,
374,105,0x72e9605b9b8bdf3501a3f116f50660d7e577404f,,,,
374,105,0x63363140d3b8ada0d152c9b487fb244d0d311949,,,,
374,105,0x4be753b5e22fb28c7b6dc4bb660615110243db69,,,,
374,105,0x806ef56026c4b142c21ef7a155f4dc1f8590a2ba,,,,
374,105,0xd7fe007751821297da9ba0b64007577700afc890,,,,
374,105,0x09de3bfad2fe056bb35f4c1e2ffeb17cfeeea3c5,,,,
374,105,0x74c1a59d9eea9cbcd144b08d04c797403623e277,,,,
374,105,0x7b61505e579cf7c52b95cd242612e03ab9a26b28,,,,
374,105,0x416f135fFF8625E11fa03d8bCD87D5E4568627c3,,,,
374,105,0xd7fe007751821297da9ba0b64007577700afc890,,,,
374,105,0x416f135fFF8625E11fa03d8bCD87D5E4568627c3,,,,
374,105,0x09de3bfad2fe056bb35f4c1e2ffeb17cfeeea3c5,,,,
374,105,0x45eff28aaf3c6feb4aa10bab9f3eb191d0aa6508,,,,
374,105,0x36cb7898012e3b19070554be377f7c0e708be229,,,,
374,105,0x6657490a88896d744dc8af67bac605844518bf2d,,,,
374,105,0x09de3bfad2fe056bb35f4c1e2ffeb17cfeeea3c5,,,,
374,105,0x72e9605b9b8bdf3501a3f116f50660d7e577404f,,,,
374,105,0x4be753b5e22fb28c7b6dc4bb660615110243db69,,,,
374,105,0x806ef56026c4b142c21ef7a155f4dc1f8590a2ba,,,,
374,105,0x72e9605b9b8bdf3501a3f116f50660d7e577404f,,,,
374,105,0x556d0da07c8a37bce930cc301247e9a7e9e1082d,,,,
374,105,0x63363140d3b8ada0d152c9b487fb244d0d311949,,,,
374,105,0x36cb7898012e3b19070554be377f7c0e708be229,,,,
374,105,0x72e9605b9b8bdf3501a3f116f50660d7e577404f,,,,
374,105,0x7a7a38a3bc38e7fab3e8dffe513d9bf6f60fda31,,,,
374,105,0x806ef56026c4b142c21ef7a155f4dc1f8590a2ba,,,,
374,105,0xab76c8a0a8fb2fb2b4a9a7f0df541173ca6504bb,,,,
374,105,0x36cb7898012e3b19070554be377f7c0e708be229,,,,
374,105,0x806ef56026c4b142c21ef7a155f4dc1f8590a2ba,,,,
374,105,0x416f135fFF8625E11fa03d8bCD87D5E4568627c3,,,,
374,105,0xab76c8a0a8fb2fb2b4a9a7f0df541173ca6504bb,,,,
374,105,0x36cb7898012e3b19070554be377f7c0e708be229,,,,
374,105,0x72e9605b9b8bdf3501a3f116f50660d7e577404f,,,,
374,105,0x416f135fFF8625E11fa03d8bCD87D5E4568627c3,,,,
374,105,0x63363140d3b8ada0d152c9b487fb244d0d311949,,,,
374,105,0xf3a7249b9b8bd17a7f3079f25fe64f581ce112ce,,,,
374,105,0x556d0da07c8a37bce930cc301247e9a7e9e1082d,,,,
374,105,0x7b61505e579cf7c52b95cd242612e03ab9a26b28,,,,
374,105,0x63363140d3b8ada0d152c9b487fb244d0d311949,,,,
374,105,0x416f135fFF8625E11fa03d8bCD87D5E4568627c3,,,,
374,105,0x416f135fFF8625E11fa03d8bCD87D5E4568627c3,,,,
374,105,0x416f135fFF8625E11fa03d8bCD87D5E4568627c3,,,,
374,105,0x72e9605b9b8bdf3501a3f116f50660d7e577404f,,,,
374,105,0x556d0da07c8a37bce930cc301247e9a7e9e1082d,,,,
374,105,0x806ef56026c4b142c21ef7a155f4dc1f8590a2ba,,,,
374,105,0x7b61505e579cf7c52b95cd242612e03ab9a26b28,,,,
374,105,0x7b61505e579cf7c52b95cd242612e03ab9a26b28,,,,
374,105,0x72e9605b9b8bdf3501a3f116f50660d7e577404f,,,,
374,105,0x7b61505e579cf7c52b95cd242612e03ab9a26b28,,,,
374,105,0x72e9605b9b8bdf3501a3f116f50660d7e577404f,,,,
374,105,0x416f135fFF8625E11fa03d8bCD87D5E4568627c3,,,,
374,105,0x6657490a88896d744dc8af67bac605844518bf2d,,,,
374,105,0x45eff28aaf3c6feb4aa10bab9f3eb191d0aa6508,,,,
374,105,0x806ef56026c4b142c21ef7a155f4dc1f8590a2ba,,,,
374,105,0x7b61505e579cf7c52b95cd242612e03ab9a26b28,,,,
374,105,0x806ef56026c4b142c21ef7a155f4dc1f8590a2ba,,,,
374,105,0x416f135fFF8625E11fa03d8bCD87D5E4568627c3,,,,
374,105,0x09de3bfad2fe056bb35f4c1e2ffeb17cfeeea3c5,,,,
374,105,0x63363140d3b8ada0d152c9b487fb244d0d311949,,,,
374,105,0x09de3bfad2fe056bb35f4c1e2ffeb17cfeeea3c5,,,,
374,105,0x6657490a88896d744dc8af67bac605844518bf2d,,,,
374,105,0x416f135fFF8625E11fa03d8bCD87D5E4568627c3,,,,
374,105,0x6657490a88896d744dc8af67bac605844518bf2d,,,,
374,105,0x806ef56026c4b142c21ef7a155f4dc1f8590a2ba,,,,
374,105,0x806ef56026c4b142c21ef7a155f4dc1f8590a2ba,,,,
374,105,0x416f135fFF8625E11fa03d8bCD87D5E4568627c3,,,,
374,105,0x74c1a59d9eea9cbcd144b08d04c797403623e277,,,,
374,105,0x556d0da07c8a37bce930cc301247e9a7e9e1082d,,,,
374,105,0x09de3bfad2fe056bb35f4c1e2ffeb17cfeeea3c5,,,,
374,105,0x416f135fFF8625E11fa03d8bCD87D5E4568627c3,,,,
374,105,0x7a7a38a3bc38e7fab3e8dffe513d9bf6f60fda31,,,,
374,105,0x7a7a38a3bc38e7fab3e8dffe513d9bf6f60fda31,,,,
374,105,0x806ef56026c4b142c21ef7a155f4dc1f8590a2ba,,,,
374,105,0x0309a8656bead1714f059df6d2efbe139b6897ed,,,,
374,105,0x261E678b3DD56D1C66aCd9E8443372faFDb35e15,,,,
375,30,0x7b61505e579cf7c52b95cd242612e03ab9a26b28,,,,
375,30,0xab76c8a0a8fb2fb2b4a9a7f0df541173ca6504bb,,,,
375,30,0x72e9605b9b8bdf3501a3f116f50660d7e577404f,,,,
375,30,0x6657490a88896d744dc8af67bac605844518bf2d,,,,
375,30,0x7a7a38a3bc38e7fab3e8dffe513d9bf6f60fda31,,,,
375,30,0x416f135fFF8625E11fa03d8bCD87D5E4568627c3,,,,
375,30,0x806ef56026c4b142c21ef7a155f4dc1f8590a2ba,,,,
375,30,0x63363140d3b8ada0d152c9b487fb244d0d311949,,,,
375,30,0x7a7a38a3bc38e7fab3e8dffe513d9bf6f60fda31,,,,
375,30,0x4be753b5e22fb28c7b6dc4bb660615110243db69,,,,
375,30,0x63363140d3b8ada0d152c9b487fb244d0d311949,,,,
375,30,0x63363140d3b8ada0d152c9b487fb244d0d311949,,,,
375,30,0x806ef56026c4b142c21ef7a155f4dc1f8590a2ba,,,,
375,30,0x63363140d3b8ada0d152c9b487fb244d0d311949,,,,
375,30,0x416f135fFF8625E11fa03d8bCD87D5E4568627c3,,,,
375,30,0x416f135fFF8625E11fa03d8bCD87D5E4568627c3,,,,
375,30,0x7a7a38a3bc38e7fab3e8dffe513d9bf6f60fda31,,,,
375,30,0x63363140d3b8ada0d152c9b487fb244d0d311949,,,,
375,30,0x09de3bfad2fe056bb35f4c1e2ffeb17cfeeea3c5,,,,
375,30,0x6657490a88896d744dc8af67bac605844518bf2d,,,,
375,30,0x416f135fFF8625E11fa03d8bCD87D5E4568627c3,,,,
375,30,0x416f135fFF8625E11fa03d8bCD87D5E4568627c3,,,,
375,30,0x7a7a38a3bc38e7fab3e8dffe513d9bf6f60fda31,,,,
375,30,0x63363140d3b8ada0d152c9b487fb244d0d311949,,,,
375,30,0x556d0da07c8a37bce930cc301247e9a7e9e1082d,,,,
375,30,0x7a7a38a3bc38e7fab3e8dffe513d9bf6f60fda31,,,,
375,30,0xf3a7249b9b8bd17a7f3079f25fe64f581ce112ce,,,,
375,30,0x45eff28aaf3c6feb4aa10bab9f3eb191d0aa6508,,,,
375,30,0x806ef56026c4b142c21ef7a155f4dc1f8590a2ba,,,,
375,30,0x6657490a88896d744dc8af67bac605844518bf2d,,,,
376,30,0x7b61505e579cf7c52b95cd242612e03ab9a26b28,,,,
376,30,0xab76c8a0a8fb2fb2b4a9a7f0df541173ca6504bb,,,,
376,30,0x72e9605b9b8bdf3501a3f116f50660d7e577404f,,,,
376,30,0x6657490a88896d744dc8af67bac605844518bf2d,,,,
376,30,0x7a7a38a3bc38e7fab3e8dffe513d9bf6f60fda31,,,,
376,30,0x416f135fFF8625E11fa03d8bCD87D5E4568627c3,,,,
376,30,0x806ef56026c4b142c21ef7a155f4dc1f8590a2ba,,,,
376,30,0x63363140d3b8ada0d152c9b487fb244d0d311949,,,,
376,30,0x7a7a38a3bc38e7fab3e8dffe513d9bf6f60fda31,,,,
376,30,0x4be753b5e22fb28c7b6dc4bb660615110243db69,,,,
376,30,0x63363140d3b8ada0d152c9b487fb244d0d311949,,,,
376,30,0x63363140d3b8ada0d152c9b487fb244d0d311949,,,,
376,30,0x806ef56026c4b142c21ef7a155f4dc1f8590a2ba,,,,
376,30,0x63363140d3b8ada0d152c9b487fb244d0d311949,,,,
376,30,0x416f135fFF8625E11fa03d8bCD87D5E4568627c3,,,,
376,30,0x416f135fFF8625E11fa03d8bCD87D5E4568627c3,,,,
376,30,0x7a7a38a3bc38e7fab3e8dffe513d9bf6f60fda31,,,,
376,30,0x63363140d3b8ada0d152c9b487fb244d0d311949,,,,
376,30,0x09de3bfad2fe056bb35f4c1e2ffeb17cfeeea3c5,,,,
376,30,0x6657490a88896d744dc8af67bac605844518bf2d,,,,
376,30,0x416f135fFF8625E11fa03d8bCD87D5E4568627c3,,,,
376,30,0x416f135fFF8625E11fa03d8bCD87D5E4568627c3,,,,
376,30,0x7a7a38a3bc38e7fab3e8dffe513d9bf6f60fda31,,,,
376,30,0x63363140d3b8ada0d152c9b487fb244d0d311949,,,,
376,30,0x556d0da07c8a37bce930cc301247e9a7e9e1082d,,,,
376,30,0x7a7a38a3bc38e7fab3e8dffe513d9bf6f60fda31,,,,
376,30,0xf3a7249b9b8bd17a7f3079f25fe64f581ce112ce,,,,
376,30,0x45eff28aaf3c6feb4aa10bab9f3eb191d0aa6508,,,,
376,30,0x806ef56026c4b142c21ef7a155f4dc1f8590a2ba,,,,
376,30,0x6657490a88896d744dc8af67bac605844518bf2d,,,,