nft_id,Number Of Owners,Wallet
28,500,0x6657490a88896d744dc8af67bac605844518bf2d
28,500,0x416f135fFF8625E11fa03d8bCD87D5E4568627c3
28,500,0x7a7a38a3bc38e7fab3e8dffe513d9bf6f60fda31
28,500,0x8930aa9bc866b08b3a8263170c6d3ecbd3f4faab
28,500,0x416f135fFF8625E11fa03d8bCD87D5E4568627c3
28,500,0x416f135fFF8625E11fa03d8bCD87D5E4568627c3
29,500,0xab76c8a0a8fb2fb2b4a9a7f0df541173ca6504bb
29,500,0x7a7a38a3bc38e7fab3e8dffe513d9bf6f60fda31
29,500,0xab76c8a0a8fb2fb2b4a9a7f0df541173ca6504bb
29,500,0x556d0da07c8a37bce930cc301247e9a7e9e1082d
29,500,0xab76c8a0a8fb2fb2b4a9a7f0df541173ca6504bb
29,500,0x416f135fFF8625E11fa03d8bCD87D5E4568627c3
30,500,0x8930aa9bc866b08b3a8263170c6d3ecbd3f4faab
30,500,0x7a7a38a3bc38e7fab3e8dffe513d9bf6f60fda31
30,500,0x6657490a88896d744dc8af67bac605844518bf2d
30,500,0x416f135fFF8625E11fa03d8bCD87D5E4568627c3
30,500,0x416f135fFF8625E11fa03d8bCD87D5E4568627c3
30,500,0x7a7a38a3bc38e7fab3e8dffe513d9bf6f60fda31
31,500,0xab76c8a0a8fb2fb2b4a9a7f0df541173ca6504bb
31,500,0x7b61505e579cf7c52b95cd242612e03ab9a26b28
31,500,0x72e9605b9b8bdf3501a3f116f50660d7e577404f
31,500,0x7b61505e579cf7c52b95cd242612e03ab9a26b28
31,500,0x72e9605b9b8bdf3501a3f116f50660d7e577404f
31,500,0x416f135fFF8625E11fa03d8bCD87D5E4568627c3
32,500,0xab76c8a0a8fb2fb2b4a9a7f0df541173ca6504bb
32,500,0x8930aa9bc866b08b3a8263170c6d3ecbd3f4faab
32,500,0x416f135fFF8625E11fa03d8bCD87D5E4568627c3
32,500,0xab76c8a0a8fb2fb2b4a9a7f0df541173ca6504bb
32,500,0x7b61505e579cf7c52b95cd242612e03ab9a26b28
32,500,0x7a7a38a3bc38e7fab3e8dffe513d9bf6f60fda31
33,500,0x72e9605b9b8bdf3501a3f116f50660d7e577404f
33,500,0x7a7a38a3bc38e7fab3e8dffe513d9bf6f60fda31
33,500,0xab76c8a0a8fb2fb2b4a9a7f0df541173ca6504bb
33,500,0xf3a7249b9b8bd17a7f3079f25fe64f581ce112ce
33,500,0x6657490a88896d744dc8af67bac605844518bf2d
33,500,0x7a7a38a3bc38e7fab3e8dffe513d9bf6f60fda31
34,500,0x72e9605b9b8bdf3501a3f116f50660d7e577404f
34,500,0x7a7a38a3bc38e7fab3e8dffe513d9bf6f60fda31
34,500,0x6657490a88896d744dc8af67bac605844518bf2d
34,500,0x72e9605b9b8bdf3501a3f116f50660d7e577404f
34,500,0xab76c8a0a8fb2fb2b4a9a7f0df541173ca6504bb
34,500,0x7b61505e579cf7c52b95cd242612e03ab9a26b28
57,500,0x416f135fFF8625E11fa03d8bCD87D5E4568627c3
57,500,0x7b61505e579cf7c52b95cd242612e03ab9a26b28
57,500,0x416f135fFF8625E11fa03d8bCD87D5E4568627c3
57,500,0x416f135fFF8625E11fa03d8bCD87D5E4568627c3
57,500,0x416f135fFF8625E11fa03d8bCD87D5E4568627c3
57,500,0x72e9605b9b8bdf3501a3f116f50660d7e577404f
58,500,0x09de3bfad2fe056bb35f4c1e2ffeb17cfeeea3c5
58,500,0x416f135fFF8625E11fa03d8bCD87D5E4568627c3
58,500,0x416f135fFF8625E11fa03d8bCD87D5E4568627c3
58,500,0xab76c8a0a8fb2fb2b4a9a7f0df541173ca6504bb
58,500,0x6657490a88896d744dc8af67bac605844518bf2d
58,500,0x416f135fFF8625E11fa03d8bCD87D5E4568627c3
59,500,0x6657490a88896d744dc8af67bac605844518bf2d
59,500,0xab76c8a0a8fb2fb2b4a9a7f0df541173ca6504bb
59,500,0xab76c8a0a8fb2fb2b4a9a7f0df541173ca6504bb
59,500,0x6657490a88896d744dc8af67bac605844518bf2d
59,500,0x416f135fFF8625E11fa03d8bCD87D5E4568627c3
59,500,0x806ef56026c4b142c21ef7a155f4dc1f8590a2ba
133,500,0x09de3bfad2fe056bb35f4c1e2ffeb17cfeeea3c5
133,500,0x7b61505e579cf7c52b95cd242612e03ab9a26b28
133,500,0x7b61505e579cf7c52b95cd242612e03ab9a26b28
133,500,0x416f135fFF8625E11fa03d8bCD87D5E4568627c3
133,500,0xab76c8a0a8fb2fb2b4a9a7f0df541173ca6504bb
133,500,0x7a7a38a3bc38e7fab3e8dffe513d9bf6f60fda31
134,500,0x09de3bfad2fe056bb35f4c1e2ffeb17cfeeea3c5
134,500,0x7b61505e579cf7c52b95cd242612e03ab9a26b28
134,500,0x806ef56026c4b142c21ef7a155f4dc1f8590a2ba
134,500,0x72e9605b9b8bdf3501a3f116f50660d7e577404f
134,500,0x4be753b5e22fb28c7b6dc4bb660615110243db69
134,500,0x72e9605b9b8bdf3501a3f116f50660d7e577404f
135,50,0x416f135fFF8625E11fa03d8bCD87D5E4568627c3
135,50,0xab76c8a0a8fb2fb2b4a9a7f0df541173ca6504bb
136,50,0xab76c8a0a8fb2fb2b4a9a7f0df541173ca6504bb
136,50,0x416f135fFF8625E11fa03d8bCD87D5E4568627c3
137,50,0xab76c8a0a8fb2fb2b4a9a7f0df541173ca6504bb
138,50,0x416f135fFF8625E11fa03d8bCD87D5E4568627c3
153,50,0x7a7a38a3bc38e7fab3e8dffe513d9bf6f60fda31
169,50,0x7b61505e579cf7c52b95cd242612e03ab9a26b28
178,50,0x72e9605b9b8bdf3501a3f116f50660d7e577404f
191,50,0x416f135fFF8625E11fa03d8bCD87D5E4568627c3
191,50,0x7a7a38a3bc38e7fab3e8dffe513d9bf6f60fda31
201,50,0x416f135fFF8625E11fa03d8bCD87D5E4568627c3
226,50,0x416f135fFF8625E11fa03d8bCD87D5E4568627c3
262,500,0xab76c8a0a8fb2fb2b4a9a7f0df541173ca6504bb
262,500,0x416f135fFF8625E11fa03d8bCD87D5E4568627c3
262,500,0x7b61505e579cf7c52b95cd242612e03ab9a26b28
262,500,0x416f135fFF8625E11fa03d8bCD87D5E4568627c3
262,500,0x72e9605b9b8bdf3501a3f116f50660d7e577404f
262,500,0x09de3bfad2fe056bb35f4c1e2ffeb17cfeeea3c5
281,500,0x7b61505e579cf7c52b95cd242612e03ab9a26b28
281,500,0x4be753b5e22fb28c7b6dc4bb660615110243db69
281,500,0xab76c8a0a8fb2fb2b4a9a7f0df541173ca6504bb
281,500,0x416f135fFF8625E11fa03d8bCD87D5E4568627c3
281,500,0x416f135fFF8625E11fa03d8bCD87D5E4568627c3
281,500,0x7b61505e579cf7c52b95cd242612e03ab9a26b28
282,500,0x7a7a38a3bc38e7fab3e8dffe513d9bf6f60fda31
282,500,0x416f135fFF8625E11fa03d8bCD87D5E4568627c3
282,500,0x72e9605b9b8bdf3501a3f116f50660d7e577404f
282,500,0x7a7a38a3bc38e7fab3e8dffe513d9bf6f60fda31
282,500,0x556d0da07c8a37bce930cc301247e9a7e9e1082d
282,500,0x7a7a38a3bc38e7fab3e8dffe513d9bf6f60fda31
291,500,0x6657490a88896d744dc8af67bac605844518bf2d
291,500,0x416f135fFF8625E11fa03d8bCD87D5E4568627c3
291,500,0x416f135fFF8625E11fa03d8bCD87D5E4568627c3
291,500,0x8930aa9bc866b08b3a8263170c6d3ecbd3f4faab
291,500,0x7a7a38a3bc38e7fab3e8dffe513d9bf6f60fda31
291,500,0x72e9605b9b8bdf3501a3f116f50660d7e577404f
306,500,0x416f135fFF8625E11fa03d8bCD87D5E4568627c3
306,500,0xab76c8a0a8fb2fb2b4a9a7f0df541173ca6504bb
306,500,0x09de3bfad2fe056bb35f4c1e2ffeb17cfeeea3c5
306,500,0x416f135fFF8625E11fa03d8bCD87D5E4568627c3
306,500,0x72e9605b9b8bdf3501a3f116f50660d7e577404f
306,500,0x416f135fFF8625E11fa03d8bCD87D5E4568627c3
325,500,0x416f135fFF8625E11fa03d8bCD87D5E4568627c3
325,500,0xf3a7249b9b8bd17a7f3079f25fe64f581ce112ce
325,500,0x7a7a38a3bc38e7fab3e8dffe513d9bf6f60fda31
325,500,0xab76c8a0a8fb2fb2b4a9a7f0df541173ca6504bb
325,500,0x7b61505e579cf7c52b95cd242612e03ab9a26b28
325,500,0x09de3bfad2fe056bb35f4c1e2ffeb17cfeeea3c5