[
  {
    "id": 109848,
    "name": "York Historic",
    "url": "https://www.chickenderby.com/race-detail/109848",
    "fee": 0.05,
    "currentCapacity": 3,
    "userWallets": [
      {
        "name": "æRacer",
        "userWalletId": "0x274e109c88d48594c358be866db6b99be2429432"
      },
      {
        "name": "Donkey Birds",
        "userWalletId": "0x45eff28aaf3c6feb4aa10bab9f3eb191d0aa6508"
      },
      {
        "name": "Whale Oil Beefhooked",
        "userWalletId": "0x7b61505e579cf7c52b95cd242612e03ab9a26b28"
      }
    ]
  },
  {
    "id": 110451,
    "name": "Capital Cross",
    "url": "https://www.chickenderby.com/race-detail/110451",
    "fee": 0.02,
    "currentCapacity": 3,
    "userWallets": [
      {
        "name": "Whale Oil Beefhooked",
        "userWalletId": "0x7b61505e579cf7c52b95cd242612e03ab9a26b28"
      },
      {
        "name": "Sharkduck",
        "userWalletId": "0xab00dd54733ae3a8d63bb1a1e39ae08103aeb2f2"
      },
      {
        "name": "Chicken Run",
        "userWalletId": "0xdaca546dfbed36a8206c7268af29935937e476bf"
      }
    ]
  },
  {
    "id": 115475,
    "name": "Capital Rock",
    "url": "https://www.chickenderby.com/race-detail/115475",
    "fee": 0.05,
    "currentCapacity": 1,
    "userWallets": [
      {
        "name": "Dirty Bird Racing",
        "userWalletId": "0x958cc2bd6d6c902a0d0c363cce7cb8fddfd65373"
      }
    ]
  },
  {
    "id": 130300,
    "name": "Masters Derby",
    "url": "https://www.chickenderby.com/race-detail/130300",
    "fee": 0.05,
    "currentCapacity": 2,
    "userWallets": [
      {
        "name": "🚀 LFG Racing 🚀",
        "userWalletId": "0xafc1adbd1fc885d1df330db13b61f2da3ba548a1"
      },
      {
        "name": "DonAn Coop",
        "userWalletId": "0x625a1fee9986390383bf48fb450fab6c1f37710a"
      }
    ]
  },
  {
    "id": 130425,
    "name": "Salzkammergut Descent",
    "url": "https://www.chickenderby.com/race-detail/130425",
    "fee": 0.01,
    "currentCapacity": 3,
    "userWallets": [
      {
        "name": "Yeh the boys 🔤",
        "userWalletId": "0x09de3bfad2fe056bb35f4c1e2ffeb17cfeeea3c5"
      },
      {
        "name": "Bazaar Imaginarium",
        "userWalletId": "0xab76c8a0a8fb2fb2b4a9a7f0df541173ca6504bb"
      },
      {
        "name": "DonAn 2",
        "userWalletId": "0x564e6cf031c42f875d5b5678ea1efa2b839db1da"
      }
    ]
  },
  {
    "id": 130582,
    "name": "Galway Races",
    "url": "https://www.chickenderby.com/race-detail/130582",
    "fee": 0.01,
    "currentCapacity": 3,
    "userWallets": [
      {
        "name": "Sunny Days",
        "userWalletId": "0xe0fcc8ccbd500a843c339944cf4ba60896a45dda"
      },
      {
        "name": "Devil Beaks",
        "userWalletId": "0x58c5a30e228a26aa2e982bc50f8e2f2ae226caa5"
      },
      {
        "name": "Bazaar Imaginarium",
        "userWalletId": "0xab76c8a0a8fb2fb2b4a9a7f0df541173ca6504bb"
      }
    ]
  },
  {
    "id": 137115,
    "name": "Vendsyssel National",
    "url": "https://www.chickenderby.com/race-detail/137115",
    "fee": 0.005,
    "currentCapacity": 2,
    "userWallets": [
      {
        "name": "Yeh the boys 🔤",
        "userWalletId": "0x09de3bfad2fe056bb35f4c1e2ffeb17cfeeea3c5"
      },
      {
        "name": "Whale Oil Beefhooked",
        "userWalletId": "0x7b61505e579cf7c52b95cd242612e03ab9a26b28"
      }
    ]
  },
  {
    "id": 140051,
    "name": "Canal Caper",
    "url": "https://www.chickenderby.com/race-detail/140051",
    "fee": 0.02,
    "currentCapacity": 1,
    "userWallets": [
      {
        "name": "rdawgin",
        "userWalletId": "0x7a7a38a3bc38e7fab3e8dffe513d9bf6f60fda31"
      }
    ]
  },
  {
    "id": 146555,
    "name": "Tacna Mine",
    "url": "https://www.chickenderby.com/race-detail/146555",
    "fee": 0.02,
    "currentCapacity": 1,
    "userWallets": [
      {
        "name": "Udonis Haslem",
        "userWalletId": "0x5dc88b14e52855a96e82235db7f979aec7af6f3a"
      }
    ]
  },
  {
    "id": 146835,
    "name": "Municipal Run",
    "url": "https://www.chickenderby.com/race-detail/146835",
    "fee": 0.01,
    "currentCapacity": 2,
    "userWallets": [
      {
        "name": "Donkey Birds",
        "userWalletId": "0x45eff28aaf3c6feb4aa10bab9f3eb191d0aa6508"
      },
      {
        "name": "Udonis Haslem",
        "userWalletId": "0x5dc88b14e52855a96e82235db7f979aec7af6f3a"
      }
    ]
  },
  {
    "id": 149592,
    "name": "Tamarindo Cross",
    "url": "https://www.chickenderby.com/race-detail/149592",
    "fee": 0.003,
    "currentCapacity": 5,
    "userWallets": [
      {
        "name": "Tegridy Farms",
        "userWalletId": "0x0cf890cfd25ff6d4aacce215e6844421a8771076"
      },
      {
        "name": "Yeh the boys 🔤",
        "userWalletId": "0x09de3bfad2fe056bb35f4c1e2ffeb17cfeeea3c5"
      },
      {
        "name": "Kent Street Racing",
        "userWalletId": "0x83dd5a88915a4e065a52930a8270c656905eb5c8"
      },
      {
        "name": "Yeh the boys 🔤",
        "userWalletId": "0x09de3bfad2fe056bb35f4c1e2ffeb17cfeeea3c5"
      },
      {
        "name": "Whale Oil Beefhooked",
        "userWalletId": "0x7b61505e579cf7c52b95cd242612e03ab9a26b28"
      }
    ]
  },
  {
    "id": 150248,
    "name": "Bauernhof Lopp",
    "url": "https://www.chickenderby.com/race-detail/150248",
    "fee": 0.003,
    "currentCapacity": 2,
    "userWallets": [
      {
        "name": "Bird Law",
        "userWalletId": "0xf3a7249b9b8bd17a7f3079f25fe64f581ce112ce"
      },
      {
        "name": "Yeh the boys 🔤",
        "userWalletId": "0x09de3bfad2fe056bb35f4c1e2ffeb17cfeeea3c5"
      }
    ]
  },
  {
    "id": 151306,
    "name": "The 160 Way",
    "url": "https://www.chickenderby.com/race-detail/151306",
    "fee": 0.003,
    "currentCapacity": 3,
    "userWallets": [
      {
        "name": "Bazaar Imaginarium",
        "userWalletId": "0xab76c8a0a8fb2fb2b4a9a7f0df541173ca6504bb"
      },
      {
        "name": "Whale Oil Beefhooked",
        "userWalletId": "0x7b61505e579cf7c52b95cd242612e03ab9a26b28"
      },
      {
        "name": "We Love Liverpool FC",
        "userWalletId": "0xd92ed40b0e778f375e7c69138af650561b2d6ec2"
      }
    ]
  },
  {
    "id": 153135,
    "name": "Tuzla Tussle",
    "url": "https://www.chickenderby.com/race-detail/153135",
    "fee": 0.02,
    "currentCapacity": 1,
    "userWallets": [
      {
        "name": "Yeh the boys 🔤",
        "userWalletId": "0x09de3bfad2fe056bb35f4c1e2ffeb17cfeeea3c5"
      }
    ]
  },
  {
    "id": 153141,
    "name": "Semi Circle",
    "url": "https://www.chickenderby.com/race-detail/153141",
    "fee": 0.01,
    "currentCapacity": 3,
    "userWallets": [
      {
        "name": "🚀 LFG Racing 🚀",
        "userWalletId": "0xafc1adbd1fc885d1df330db13b61f2da3ba548a1"
      },
      {
        "name": "Xavier Prime",
        "userWalletId": "0x0611056b691f3779d24e57fe7edec995521ce395"
      },
      {
        "name": "The Pecker Prison",
        "userWalletId": "0xfada42d241c9a4df5a4149b4969af9ebcdffe3dc"
      }
    ]
  },
  {
    "id": 153702,
    "name": "Seasonal Slalom",
    "url": "https://www.chickenderby.com/race-detail/153702",
    "fee": 0.005,
    "currentCapacity": 1,
    "userWallets": [
      {
        "name": "🚀 LFG Racing 🚀",
        "userWalletId": "0xafc1adbd1fc885d1df330db13b61f2da3ba548a1"
      }
    ]
  },
  {
    "id": 153841,
    "name": "City Rock",
    "url": "https://www.chickenderby.com/race-detail/153841",
    "fee": 0.003,
    "currentCapacity": 2,
    "userWallets": [
      {
        "name": "Donkey Birds",
        "userWalletId": "0x45eff28aaf3c6feb4aa10bab9f3eb191d0aa6508"
      },
      {
        "name": "rdawgin",
        "userWalletId": "0x7a7a38a3bc38e7fab3e8dffe513d9bf6f60fda31"
      }
    ]
  },
  {
    "id": 153945,
    "name": "Viti Levu Veitau Cici",
    "url": "https://www.chickenderby.com/race-detail/153945",
    "fee": 0.003,
    "currentCapacity": 1,
    "userWallets": [
      {
        "name": "Trippa",
        "userWalletId": "0x72e9605b9b8bdf3501a3f116f50660d7e577404f"
      }
    ]
  },
  {
    "id": 154035,
    "name": "Bugrashov Cross",
    "url": "https://www.chickenderby.com/race-detail/154035",
    "fee": 0.005,
    "currentCapacity": 3,
    "userWallets": [
      {
        "name": "Yeh the boys 🔤",
        "userWalletId": "0x09de3bfad2fe056bb35f4c1e2ffeb17cfeeea3c5"
      },
      {
        "name": "rdawgin",
        "userWalletId": "0x7a7a38a3bc38e7fab3e8dffe513d9bf6f60fda31"
      },
      {
        "name": "Cjs cockadoo",
        "userWalletId": "0x11870868e393a568ca572bb742bfe642253e55a6"
      }
    ]
  },
  {
    "id": 154114,
    "name": "Beach Bash",
    "url": "https://www.chickenderby.com/race-detail/154114",
    "fee": 0.005,
    "currentCapacity": 1,
    "userWallets": [
      {
        "name": "Sharkduck",
        "userWalletId": "0xab00dd54733ae3a8d63bb1a1e39ae08103aeb2f2"
      }
    ]
  },
  {
    "id": 155138,
    "name": "Doyle's Drop",
    "url": "https://www.chickenderby.com/race-detail/155138",
    "fee": 0.002,
    "currentCapacity": 2,
    "userWallets": [
      {
        "name": "dribbel",
        "userWalletId": "0x9a604afe073e4cf5268dddfb326fbb2608051725"
      },
      {
        "name": "🚀 LFG Racing 🚀",
        "userWalletId": "0xafc1adbd1fc885d1df330db13b61f2da3ba548a1"
      }
    ]
  },
  {
    "id": 155539,
    "name": "Mogotón Hike",
    "url": "https://www.chickenderby.com/race-detail/155539",
    "fee": 0.001,
    "currentCapacity": 1,
    "userWallets": [
      {
        "name": "MBF Express",
        "userWalletId": "0x6657490a88896d744dc8af67bac605844518bf2d"
      }
    ]
  },
  {
    "id": 155984,
    "name": "Whitby Way",
    "url": "https://www.chickenderby.com/race-detail/155984",
    "fee": 0.0003,
    "currentCapacity": 2,
    "userWallets": [
      {
        "name": "Whale Oil Beefhooked",
        "userWalletId": "0x7b61505e579cf7c52b95cd242612e03ab9a26b28"
      },
      {
        "name": "Tegridy Farms",
        "userWalletId": "0x0cf890cfd25ff6d4aacce215e6844421a8771076"
      }
    ]
  },
  {
    "id": 156226,
    "name": "Island Race",
    "url": "https://www.chickenderby.com/race-detail/156226",
    "fee": 0.002,
    "currentCapacity": 2,
    "userWallets": [
      {
        "name": "RooStars Racing",
        "userWalletId": "0x36cb7898012e3b19070554be377f7c0e708be229"
      },
      {
        "name": "The Pecker Prison",
        "userWalletId": "0xfada42d241c9a4df5a4149b4969af9ebcdffe3dc"
      }
    ]
  },
  {
    "id": 156364,
    "name": "Mum's Marathon",
    "url": "https://www.chickenderby.com/race-detail/156364",
    "fee": 0.0003,
    "currentCapacity": 2,
    "userWallets": [
      {
        "name": "Whale Oil Beefhooked",
        "userWalletId": "0x7b61505e579cf7c52b95cd242612e03ab9a26b28"
      },
      {
        "name": "Whale Oil Beefhooked",
        "userWalletId": "0x7b61505e579cf7c52b95cd242612e03ab9a26b28"
      }
    ]
  },
  {
    "id": 156422,
    "name": "Bridge Crossing",
    "url": "https://www.chickenderby.com/race-detail/156422",
    "fee": 0.002,
    "currentCapacity": 1,
    "userWallets": [
      {
        "name": "Whale Oil Beefhooked",
        "userWalletId": "0x7b61505e579cf7c52b95cd242612e03ab9a26b28"
      }
    ]
  },
  {
    "id": 156671,
    "name": "The Chicken Caper",
    "url": "https://www.chickenderby.com/race-detail/156671",
    "fee": 0.002,
    "currentCapacity": 1,
    "userWallets": [
      {
        "name": "🌮The Taco Truck🌮",
        "userWalletId": "0xfc990a77692a54f1ca977b13f7381bc9a5a36975"
      }
    ]
  },
  {
    "id": 156692,
    "name": "Žolė Lenktynės",
    "url": "https://www.chickenderby.com/race-detail/156692",
    "fee": 0.0005,
    "currentCapacity": 3,
    "userWallets": [
      {
        "name": "The Clucking Hideout",
        "userWalletId": "0x83694b5ce034cd7f664b28e1c69fd9d2b35bd1e0"
      },
      {
        "name": "Trippa",
        "userWalletId": "0x72e9605b9b8bdf3501a3f116f50660d7e577404f"
      },
      {
        "name": "Bazaar Imaginarium",
        "userWalletId": "0xab76c8a0a8fb2fb2b4a9a7f0df541173ca6504bb"
      }
    ]
  },
  {
    "id": 156742,
    "name": "Maurice Walk",
    "url": "https://www.chickenderby.com/race-detail/156742",
    "fee": 0.001,
    "currentCapacity": 1,
    "userWallets": [
      {
        "name": "rdawgin",
        "userWalletId": "0x7a7a38a3bc38e7fab3e8dffe513d9bf6f60fda31"
      }
    ]
  },
  {
    "id": 156743,
    "name": "140m Dash",
    "url": "https://www.chickenderby.com/race-detail/156743",
    "fee": 0.005,
    "currentCapacity": 3,
    "userWallets": [
      {
        "name": "Sharkduck",
        "userWalletId": "0xab00dd54733ae3a8d63bb1a1e39ae08103aeb2f2"
      },
      {
        "name": "🌮The Taco Truck🌮",
        "userWalletId": "0xfc990a77692a54f1ca977b13f7381bc9a5a36975"
      },
      {
        "name": "Fledge",
        "userWalletId": "0xdca5b37fc5c6123e926efc554d2f82dfe7f97770"
      }
    ]
  },
  {
    "id": 156808,
    "name": "European Meet",
    "url": "https://www.chickenderby.com/race-detail/156808",
    "fee": 0.001,
    "currentCapacity": 2,
    "userWallets": [
      {
        "name": "🚀 LFG Racing 🚀",
        "userWalletId": "0xafc1adbd1fc885d1df330db13b61f2da3ba548a1"
      },
      {
        "name": "🌮The Taco Truck🌮",
        "userWalletId": "0xfc990a77692a54f1ca977b13f7381bc9a5a36975"
      }
    ]
  },
  {
    "id": 156820,
    "name": "Capital Meet",
    "url": "https://www.chickenderby.com/race-detail/156820",
    "fee": 0.001,
    "currentCapacity": 1,
    "userWallets": [
      {
        "name": "RooStars Racing",
        "userWalletId": "0x36cb7898012e3b19070554be377f7c0e708be229"
      }
    ]
  },
  {
    "id": 156842,
    "name": "Mayor's Pass",
    "url": "https://www.chickenderby.com/race-detail/156842",
    "fee": 0.0003,
    "currentCapacity": 4,
    "userWallets": [
      {
        "name": "RooStars Racing",
        "userWalletId": "0x36cb7898012e3b19070554be377f7c0e708be229"
      },
      {
        "name": "🔥Blunts Racing 🍕",
        "userWalletId": "0x3c39444e70ece645e64cba7832b0ebb734f3cde8"
      },
      {
        "name": "🌮The Taco Truck🌮",
        "userWalletId": "0xfc990a77692a54f1ca977b13f7381bc9a5a36975"
      },
      {
        "name": "rdawgin",
        "userWalletId": "0x7a7a38a3bc38e7fab3e8dffe513d9bf6f60fda31"
      }
    ]
  },
  {
    "id": 156876,
    "name": "Grand Caper",
    "url": "https://www.chickenderby.com/race-detail/156876",
    "fee": 0.001,
    "currentCapacity": 3,
    "userWallets": [
      {
        "name": "RooStars Racing",
        "userWalletId": "0x36cb7898012e3b19070554be377f7c0e708be229"
      },
      {
        "name": "🔥Blunts Racing 🍕",
        "userWalletId": "0x3c39444e70ece645e64cba7832b0ebb734f3cde8"
      },
      {
        "name": "RooStars Racing",
        "userWalletId": "0x36cb7898012e3b19070554be377f7c0e708be229"
      }
    ]
  },
  {
    "id": 156884,
    "name": "Timed Trail",
    "url": "https://www.chickenderby.com/race-detail/156884",
    "fee": 0.0005,
    "currentCapacity": 2,
    "userWallets": [
      {
        "name": "Trippa",
        "userWalletId": "0x72e9605b9b8bdf3501a3f116f50660d7e577404f"
      },
      {
        "name": "🔥Blunts Racing 🍕",
        "userWalletId": "0x3c39444e70ece645e64cba7832b0ebb734f3cde8"
      }
    ]
  },
  {
    "id": 156885,
    "name": "Jardim Gate",
    "url": "https://www.chickenderby.com/race-detail/156885",
    "fee": 0.0005,
    "currentCapacity": 4,
    "userWallets": [
      {
        "name": "Trippa",
        "userWalletId": "0x72e9605b9b8bdf3501a3f116f50660d7e577404f"
      },
      {
        "name": "🔥Blunts Racing 🍕",
        "userWalletId": "0x3c39444e70ece645e64cba7832b0ebb734f3cde8"
      },
      {
        "name": "RooStars Racing",
        "userWalletId": "0x36cb7898012e3b19070554be377f7c0e708be229"
      },
      {
        "name": "Burghers Bunch",
        "userWalletId": "0xace4f4a061e5487ce77b7a0397f9acd7ada8bf4f"
      }
    ]
  },
  {
    "id": 156886,
    "name": "Beginners Marathon",
    "url": "https://www.chickenderby.com/race-detail/156886",
    "fee": 0.0005,
    "currentCapacity": 6,
    "userWallets": [
      {
        "name": "RooStars Racing",
        "userWalletId": "0x36cb7898012e3b19070554be377f7c0e708be229"
      },
      {
        "name": "Sofinette13",
        "userWalletId": "0x839c3d1110e0c1427536baa3f0df2eeb87568ba3"
      },
      {
        "name": "Trippa",
        "userWalletId": "0x72e9605b9b8bdf3501a3f116f50660d7e577404f"
      },
      {
        "name": "🔥Blunts Racing 🍕",
        "userWalletId": "0x3c39444e70ece645e64cba7832b0ebb734f3cde8"
      },
      {
        "name": "Ronald’s Racers",
        "userWalletId": "0x0309a8656bead1714f059df6d2efbe139b6897ed"
      },
      {
        "name": "RooStars Racing",
        "userWalletId": "0x36cb7898012e3b19070554be377f7c0e708be229"
      }
    ]
  },
  {
    "id": 156887,
    "name": "University Wash",
    "url": "https://www.chickenderby.com/race-detail/156887",
    "fee": 0.0005,
    "currentCapacity": 3,
    "userWallets": [
      {
        "name": "RooStars Racing",
        "userWalletId": "0x36cb7898012e3b19070554be377f7c0e708be229"
      },
      {
        "name": "Trippa",
        "userWalletId": "0x72e9605b9b8bdf3501a3f116f50660d7e577404f"
      },
      {
        "name": "🔥Blunts Racing 🍕",
        "userWalletId": "0x3c39444e70ece645e64cba7832b0ebb734f3cde8"
      }
    ]
  },
  {
    "id": 156893,
    "name": "Mexico City Meet",
    "url": "https://www.chickenderby.com/race-detail/156893",
    "fee": 0.0005,
    "currentCapacity": 3,
    "userWallets": [
      {
        "name": "Sofinette13",
        "userWalletId": "0x839c3d1110e0c1427536baa3f0df2eeb87568ba3"
      },
      {
        "name": "Ronald’s Racers",
        "userWalletId": "0x0309a8656bead1714f059df6d2efbe139b6897ed"
      },
      {
        "name": "Trippa",
        "userWalletId": "0x72e9605b9b8bdf3501a3f116f50660d7e577404f"
      }
    ]
  },
  {
    "id": 156894,
    "name": "Medieval Mud",
    "url": "https://www.chickenderby.com/race-detail/156894",
    "fee": 0.0003,
    "currentCapacity": 2,
    "userWallets": [
      {
        "name": "🔥Blunts Racing 🍕",
        "userWalletId": "0x3c39444e70ece645e64cba7832b0ebb734f3cde8"
      },
      {
        "name": "Trippa",
        "userWalletId": "0x72e9605b9b8bdf3501a3f116f50660d7e577404f"
      }
    ]
  },
  {
    "id": 156896,
    "name": "Little 160",
    "url": "https://www.chickenderby.com/race-detail/156896",
    "fee": 0.0005,
    "currentCapacity": 3,
    "userWallets": [
      {
        "name": "Trippa",
        "userWalletId": "0x72e9605b9b8bdf3501a3f116f50660d7e577404f"
      },
      {
        "name": "RooStars Racing",
        "userWalletId": "0x36cb7898012e3b19070554be377f7c0e708be229"
      },
      {
        "name": "Burghers Bunch",
        "userWalletId": "0xace4f4a061e5487ce77b7a0397f9acd7ada8bf4f"
      }
    ]
  }
]
