[
  {
    "name": "Capiatá Open",
    "peckingOrder": "S,A,B,C,D,E",
    "terrain": "Dirt",
    "distance": 100,
    "maxCapacity": 12,
    "location": "Capiatá, Paraguay",
    "minimumStartDelay": 3,
    "startTime": 60,
    "fee": 0,
    "prizePool": 0.001,
    "type": "Manual",
    "group": 0,
    "unlimitPO": "No"
  },
  {
    "name": "Asheville Open",
    "peckingOrder": "S,A,B,C,D,E",
    "terrain": "Dirt",
    "distance": 120,
    "maxCapacity": 12,
    "location": "Asheville, USA",
    "minimumStartDelay": 3,
    "startTime": 60,
    "fee": 0,
    "prizePool": 0.001,
    "type": "Manual",
    "group": 0,
    "unlimitPO": "No"
  },
  {
    "name": "Salento Open",
    "peckingOrder": "S,A,B,C,D,E",
    "terrain": "Dirt",
    "distance": 140,
    "maxCapacity": 12,
    "location": "Salento, Colombia",
    "minimumStartDelay": 3,
    "startTime": 60,
    "fee": 0,
    "prizePool": 0.001,
    "type": "Manual",
    "group": 0,
    "unlimitPO": "No"
  },
  {
    "name": "Merrittville Open",
    "peckingOrder": "S,A,B,C,D,E",
    "terrain": "Dirt",
    "distance": 160,
    "maxCapacity": 12,
    "location": "Merrittville, Canada",
    "minimumStartDelay": 3,
    "startTime": 60,
    "fee": 0,
    "prizePool": 0.001,
    "type": "Manual",
    "group": 0,
    "unlimitPO": "No"
  },
  {
    "name": "Plovdiv Open",
    "peckingOrder": "S,A,B,C,D,E",
    "terrain": "Dirt",
    "distance": 180,
    "maxCapacity": 12,
    "location": "Plovdiv, Bulgaria",
    "minimumStartDelay": 3,
    "startTime": 60,
    "fee": 0,
    "prizePool": 0.001,
    "type": "Manual",
    "group": 0,
    "unlimitPO": "No"
  },
  {
    "name": "Porto-Novo Open",
    "peckingOrder": "S,A,B,C,D,E",
    "terrain": "Dirt",
    "distance": 200,
    "maxCapacity": 12,
    "location": "Porto-Novo, Benin",
    "minimumStartDelay": 3,
    "startTime": 60,
    "fee": 0,
    "prizePool": 0.001,
    "type": "Manual",
    "group": 0,
    "unlimitPO": "No"
  },
  {
    "name": "Malabo Open",
    "peckingOrder": "S,A,B,C,D,E",
    "terrain": "Grass",
    "distance": 100,
    "maxCapacity": 12,
    "location": "Malabo, Equatorial Guinea",
    "minimumStartDelay": 3,
    "startTime": 60,
    "fee": 0,
    "prizePool": 0.001,
    "type": "Manual",
    "group": 0,
    "unlimitPO": "No"
  },
  {
    "name": "Romanum Open",
    "peckingOrder": "S,A,B,C,D,E",
    "terrain": "Grass",
    "distance": 120,
    "maxCapacity": 12,
    "location": "Romanum, Micronesia",
    "minimumStartDelay": 3,
    "startTime": 60,
    "fee": 0,
    "prizePool": 0.001,
    "type": "Manual",
    "group": 0,
    "unlimitPO": "No"
  },
  {
    "name": "Ulaanbaatar Open",
    "peckingOrder": "S,A,B,C,D,E",
    "terrain": "Grass",
    "distance": 140,
    "maxCapacity": 12,
    "location": "Ulaanbaatar, Mongolia",
    "minimumStartDelay": 3,
    "startTime": 60,
    "fee": 0,
    "prizePool": 0.001,
    "type": "Manual",
    "group": 0,
    "unlimitPO": "No"
  },
  {
    "name": "Paramaribo Open",
    "peckingOrder": "S,A,B,C,D,E",
    "terrain": "Grass",
    "distance": 160,
    "maxCapacity": 12,
    "location": "Paramaribo, Suriname",
    "minimumStartDelay": 3,
    "startTime": 60,
    "fee": 0,
    "prizePool": 0.001,
    "type": "Manual",
    "group": 0,
    "unlimitPO": "No"
  },
  {
    "name": "Phonsavan Open",
    "peckingOrder": "S,A,B,C,D,E",
    "terrain": "Grass",
    "distance": 180,
    "maxCapacity": 12,
    "location": "Phonsavan, Laos",
    "minimumStartDelay": 3,
    "startTime": 60,
    "fee": 0,
    "prizePool": 0.001,
    "type": "Manual",
    "group": 0,
    "unlimitPO": "No"
  },
  {
    "name": "Athens Open",
    "peckingOrder": "S,A,B,C,D,E",
    "terrain": "Grass",
    "distance": 200,
    "maxCapacity": 12,
    "location": "Athens, Greece",
    "minimumStartDelay": 3,
    "startTime": 60,
    "fee": 0,
    "prizePool": 0.001,
    "type": "Manual",
    "group": 0,
    "unlimitPO": "No"
  },
  {
    "name": "Amsterdam Open",
    "peckingOrder": "S,A,B,C,D,E",
    "terrain": "Road",
    "distance": 100,
    "maxCapacity": 12,
    "location": "Amsterdam, Netherlands",
    "minimumStartDelay": 3,
    "startTime": 60,
    "fee": 0,
    "prizePool": 0.001,
    "type": "Manual",
    "group": 0,
    "unlimitPO": "No"
  },
  {
    "name": "Asitey Open",
    "peckingOrder": "S,A,B,C,D,E",
    "terrain": "Road",
    "distance": 120,
    "maxCapacity": 12,
    "location": "Asitey, Ghana",
    "minimumStartDelay": 3,
    "startTime": 60,
    "fee": 0,
    "prizePool": 0.001,
    "type": "Manual",
    "group": 0,
    "unlimitPO": "No"
  },
  {
    "name": "Los Angeles Open",
    "peckingOrder": "S,A,B,C,D,E",
    "terrain": "Road",
    "distance": 140,
    "maxCapacity": 12,
    "location": "Los Angeles, USA",
    "minimumStartDelay": 3,
    "startTime": 60,
    "fee": 0,
    "prizePool": 0.001,
    "type": "Manual",
    "group": 0,
    "unlimitPO": "No"
  },
  {
    "name": "Chongqing Open",
    "peckingOrder": "S,A,B,C,D,E",
    "terrain": "Road",
    "distance": 160,
    "maxCapacity": 12,
    "location": "Chongqing, China",
    "minimumStartDelay": 3,
    "startTime": 60,
    "fee": 0,
    "prizePool": 0.001,
    "type": "Manual",
    "group": 0,
    "unlimitPO": "No"
  },
  {
    "name": "Granada Open",
    "peckingOrder": "S,A,B,C,D,E",
    "terrain": "Road",
    "distance": 180,
    "maxCapacity": 12,
    "location": "Granada, Nicaragua",
    "minimumStartDelay": 3,
    "startTime": 60,
    "fee": 0,
    "prizePool": 0.001,
    "type": "Manual",
    "group": 0,
    "unlimitPO": "No"
  },
  {
    "name": "City of Manila Open",
    "peckingOrder": "S,A,B,C,D,E",
    "terrain": "Road",
    "distance": 200,
    "maxCapacity": 12,
    "location": "City of Manila, Philippines",
    "minimumStartDelay": 3,
    "startTime": 60,
    "fee": 0,
    "prizePool": 0.001,
    "type": "Manual",
    "group": 0,
    "unlimitPO": "No"
  },
  {
    "name": "Nicosia Open",
    "peckingOrder": "S,A,B,C,D,E",
    "terrain": "Rock",
    "distance": 100,
    "maxCapacity": 12,
    "location": "Nicosia, Cyprus",
    "minimumStartDelay": 3,
    "startTime": 60,
    "fee": 0,
    "prizePool": 0.001,
    "type": "Manual",
    "group": 0,
    "unlimitPO": "No"
  },
  {
    "name": "Córdoba Open",
    "peckingOrder": "S,A,B,C,D,E",
    "terrain": "Rock",
    "distance": 120,
    "maxCapacity": 12,
    "location": "Córdoba, Spain",
    "minimumStartDelay": 3,
    "startTime": 60,
    "fee": 0,
    "prizePool": 0.001,
    "type": "Manual",
    "group": 0,
    "unlimitPO": "No"
  },
  {
    "name": "Denizli Open",
    "peckingOrder": "S,A,B,C,D,E",
    "terrain": "Rock",
    "distance": 140,
    "maxCapacity": 12,
    "location": "Denizli, Turkey",
    "minimumStartDelay": 3,
    "startTime": 60,
    "fee": 0,
    "prizePool": 0.001,
    "type": "Manual",
    "group": 0,
    "unlimitPO": "No"
  },
  {
    "name": "Havana Open",
    "peckingOrder": "S,A,B,C,D,E",
    "terrain": "Rock",
    "distance": 160,
    "maxCapacity": 12,
    "location": "Havana, Cuba",
    "minimumStartDelay": 3,
    "startTime": 60,
    "fee": 0,
    "prizePool": 0.001,
    "type": "Manual",
    "group": 0,
    "unlimitPO": "No"
  },
  {
    "name": "Ocotal Open",
    "peckingOrder": "S,A,B,C,D,E",
    "terrain": "Rock",
    "distance": 180,
    "maxCapacity": 12,
    "location": "Ocotal, Nicaragua",
    "minimumStartDelay": 3,
    "startTime": 60,
    "fee": 0,
    "prizePool": 0.001,
    "type": "Manual",
    "group": 0,
    "unlimitPO": "No"
  },
  {
    "name": "Naryn Open",
    "peckingOrder": "S,A,B,C,D,E",
    "terrain": "Rock",
    "distance": 200,
    "maxCapacity": 12,
    "location": "Naryn, Kyrgyzstan",
    "minimumStartDelay": 3,
    "startTime": 60,
    "fee": 0,
    "prizePool": 0.001,
    "type": "Manual",
    "group": 0,
    "unlimitPO": "No"
  },
  {
    "name": "Gold Rock Beach Open",
    "peckingOrder": "S,A,B,C,D,E",
    "terrain": "Sand",
    "distance": 100,
    "maxCapacity": 12,
    "location": "Gold Rock Beach, Bahamas",
    "minimumStartDelay": 3,
    "startTime": 60,
    "fee": 0,
    "prizePool": 0.001,
    "type": "Manual",
    "group": 0,
    "unlimitPO": "No"
  },
  {
    "name": "Jerash Open",
    "peckingOrder": "S,A,B,C,D,E",
    "terrain": "Sand",
    "distance": 120,
    "maxCapacity": 12,
    "location": "Jerash, Jordan",
    "minimumStartDelay": 3,
    "startTime": 60,
    "fee": 0,
    "prizePool": 0.001,
    "type": "Manual",
    "group": 0,
    "unlimitPO": "No"
  },
  {
    "name": "Praia de Galápos Open",
    "peckingOrder": "S,A,B,C,D,E",
    "terrain": "Sand",
    "distance": 140,
    "maxCapacity": 12,
    "location": "Praia de Galápos, Portugal",
    "minimumStartDelay": 3,
    "startTime": 60,
    "fee": 0,
    "prizePool": 0.001,
    "type": "Manual",
    "group": 0,
    "unlimitPO": "No"
  },
  {
    "name": "Denigomodu Open",
    "peckingOrder": "S,A,B,C,D,E",
    "terrain": "Sand",
    "distance": 160,
    "maxCapacity": 12,
    "location": "Denigomodu, Nauru",
    "minimumStartDelay": 3,
    "startTime": 60,
    "fee": 0,
    "prizePool": 0.001,
    "type": "Manual",
    "group": 0,
    "unlimitPO": "No"
  },
  {
    "name": "Floating City Open",
    "peckingOrder": "S,A,B,C,D,E",
    "terrain": "Sand",
    "distance": 180,
    "maxCapacity": 12,
    "location": "Floating City, Bahrain",
    "minimumStartDelay": 3,
    "startTime": 60,
    "fee": 0,
    "prizePool": 0.001,
    "type": "Manual",
    "group": 0,
    "unlimitPO": "No"
  },
  {
    "name": "Pacific Harbour Open",
    "peckingOrder": "S,A,B,C,D,E",
    "terrain": "Sand",
    "distance": 200,
    "maxCapacity": 12,
    "location": "Pacific Harbour, Fiji",
    "minimumStartDelay": 3,
    "startTime": 60,
    "fee": 0,
    "prizePool": 0.001,
    "type": "Manual",
    "group": 0,
    "unlimitPO": "No"
  },
  {
    "name": "Akureyri Open",
    "peckingOrder": "S,A,B,C,D,E",
    "terrain": "Snow",
    "distance": 100,
    "maxCapacity": 12,
    "location": "Akureyri, Iceland",
    "minimumStartDelay": 3,
    "startTime": 60,
    "fee": 0,
    "prizePool": 0.001,
    "type": "Manual",
    "group": 0,
    "unlimitPO": "No"
  },
  {
    "name": "Quito Open",
    "peckingOrder": "S,A,B,C,D,E",
    "terrain": "Snow",
    "distance": 120,
    "maxCapacity": 12,
    "location": "Quito, Ecuador",
    "minimumStartDelay": 3,
    "startTime": 60,
    "fee": 0,
    "prizePool": 0.001,
    "type": "Manual",
    "group": 0,
    "unlimitPO": "No"
  },
  {
    "name": "Helsinki Open",
    "peckingOrder": "S,A,B,C,D,E",
    "terrain": "Snow",
    "distance": 140,
    "maxCapacity": 12,
    "location": "Helsinki, Finland",
    "minimumStartDelay": 3,
    "startTime": 60,
    "fee": 0,
    "prizePool": 0.001,
    "type": "Manual",
    "group": 0,
    "unlimitPO": "No"
  },
  {
    "name": "Ljubljana Open",
    "peckingOrder": "S,A,B,C,D,E",
    "terrain": "Snow",
    "distance": 160,
    "maxCapacity": 12,
    "location": "Ljubljana, Slovenia",
    "minimumStartDelay": 3,
    "startTime": 60,
    "fee": 0,
    "prizePool": 0.001,
    "type": "Manual",
    "group": 0,
    "unlimitPO": "No"
  },
  {
    "name": "Matfors Open",
    "peckingOrder": "S,A,B,C,D,E",
    "terrain": "Snow",
    "distance": 180,
    "maxCapacity": 12,
    "location": "Matfors, Sweden",
    "minimumStartDelay": 3,
    "startTime": 60,
    "fee": 0,
    "prizePool": 0.001,
    "type": "Manual",
    "group": 0,
    "unlimitPO": "No"
  },
  {
    "name": "Coyhaique Open",
    "peckingOrder": "S,A,B,C,D,E",
    "terrain": "Snow",
    "distance": 200,
    "maxCapacity": 12,
    "location": "Coyhaique, Chile",
    "minimumStartDelay": 3,
    "startTime": 60,
    "fee": 0,
    "prizePool": 0.001,
    "type": "Manual",
    "group": 0,
    "unlimitPO": "No"
  },
  {
    "name": "Freetown Open",
    "peckingOrder": "S,A,B,C,D,E",
    "terrain": "Track",
    "distance": 100,
    "maxCapacity": 12,
    "location": "Freetown, Sierra Leone",
    "minimumStartDelay": 3,
    "startTime": 60,
    "fee": 0,
    "prizePool": 0.001,
    "type": "Manual",
    "group": 0,
    "unlimitPO": "No"
  },
  {
    "name": "Bujumbura Open",
    "peckingOrder": "S,A,B,C,D,E",
    "terrain": "Track",
    "distance": 120,
    "maxCapacity": 12,
    "location": "Bujumbura, Burundi",
    "minimumStartDelay": 3,
    "startTime": 60,
    "fee": 0,
    "prizePool": 0.001,
    "type": "Manual",
    "group": 0,
    "unlimitPO": "No"
  },
  {
    "name": "Mogilev Open",
    "peckingOrder": "S,A,B,C,D,E",
    "terrain": "Track",
    "distance": 140,
    "maxCapacity": 12,
    "location": "Mogilev, Belarus",
    "minimumStartDelay": 3,
    "startTime": 60,
    "fee": 0,
    "prizePool": 0.001,
    "type": "Manual",
    "group": 0,
    "unlimitPO": "No"
  },
  {
    "name": "Oslo Open",
    "peckingOrder": "S,A,B,C,D,E",
    "terrain": "Track",
    "distance": 160,
    "maxCapacity": 12,
    "location": "Oslo, Norway",
    "minimumStartDelay": 3,
    "startTime": 60,
    "fee": 0,
    "prizePool": 0.001,
    "type": "Manual",
    "group": 0,
    "unlimitPO": "No"
  },
  {
    "name": "Quatre Bornes Open",
    "peckingOrder": "S,A,B,C,D,E",
    "terrain": "Track",
    "distance": 180,
    "maxCapacity": 12,
    "location": "Quatre Bornes, Mauritius",
    "minimumStartDelay": 3,
    "startTime": 60,
    "fee": 0,
    "prizePool": 0.001,
    "type": "Manual",
    "group": 0,
    "unlimitPO": "No"
  },
  {
    "name": "Gaborone Open",
    "peckingOrder": "S,A,B,C,D,E",
    "terrain": "Track",
    "distance": 200,
    "maxCapacity": 12,
    "location": "Gaborone, Botswana",
    "minimumStartDelay": 3,
    "startTime": 60,
    "fee": 0,
    "prizePool": 0.001,
    "type": "Manual",
    "group": 0,
    "unlimitPO": "No"
  },
  {
    "name": "Farmyard Campaign",
    "peckingOrder": "S,A,B,C,D,E",
    "terrain": "Dirt",
    "distance": 120,
    "maxCapacity": 8,
    "location": "Jim's Farm, United Kingdom",
    "minimumStartDelay": 3,
    "startTime": 60,
    "fee": 0.001,
    "prizePool": 0.0072,
    "type": "Automatic",
    "group": 1,
    "unlimitPO": "No"
  },
  {
    "name": "Ouando Shop",
    "peckingOrder": "S,A,B,C,D,E",
    "terrain": "Dirt",
    "distance": 200,
    "maxCapacity": 8,
    "location": "Porto-Novo, Benin",
    "minimumStartDelay": 3,
    "startTime": 60,
    "fee": 0.001,
    "prizePool": 0.0072,
    "type": "Automatic",
    "group": 1,
    "unlimitPO": "No"
  },
  {
    "name": "Bhopal Local",
    "peckingOrder": "S,A,B,C,D,E",
    "terrain": "Grass",
    "distance": 140,
    "maxCapacity": 8,
    "location": "Bhopal, India",
    "minimumStartDelay": 3,
    "startTime": 60,
    "fee": 0.001,
    "prizePool": 0.0072,
    "type": "Automatic",
    "group": 1,
    "unlimitPO": "No"
  },
  {
    "name": "Over O'Higgins",
    "peckingOrder": "S,A,B,C,D,E",
    "terrain": "Grass",
    "distance": 180,
    "maxCapacity": 8,
    "location": "Santiago, Chile",
    "minimumStartDelay": 3,
    "startTime": 60,
    "fee": 0.001,
    "prizePool": 0.0072,
    "type": "Automatic",
    "group": 1,
    "unlimitPO": "No"
  },
  {
    "name": "Academy Annual",
    "peckingOrder": "S,A,B,C,D,E",
    "terrain": "Road",
    "distance": 160,
    "maxCapacity": 8,
    "location": "Warsaw, Poland",
    "minimumStartDelay": 3,
    "startTime": 60,
    "fee": 0.001,
    "prizePool": 0.0072,
    "type": "Automatic",
    "group": 1,
    "unlimitPO": "No"
  },
  {
    "name": "Canary Marathon",
    "peckingOrder": "S,A,B,C,D,E",
    "terrain": "Road",
    "distance": 200,
    "maxCapacity": 8,
    "location": "London, United Kingdom",
    "minimumStartDelay": 3,
    "startTime": 60,
    "fee": 0.001,
    "prizePool": 0.0072,
    "type": "Automatic",
    "group": 1,
    "unlimitPO": "No"
  },
  {
    "name": "Grand Caper",
    "peckingOrder": "S,A,B,C,D,E",
    "terrain": "Rock",
    "distance": 160,
    "maxCapacity": 8,
    "location": "Las Palmas, Spain",
    "minimumStartDelay": 3,
    "startTime": 60,
    "fee": 0.001,
    "prizePool": 0.0072,
    "type": "Automatic",
    "group": 1,
    "unlimitPO": "No"
  },
  {
    "name": "Mogotón Hike",
    "peckingOrder": "S,A,B,C,D,E",
    "terrain": "Rock",
    "distance": 180,
    "maxCapacity": 8,
    "location": "Ocotal, Nicaragua",
    "minimumStartDelay": 3,
    "startTime": 60,
    "fee": 0.001,
    "prizePool": 0.0072,
    "type": "Automatic",
    "group": 1,
    "unlimitPO": "No"
  },
  {
    "name": "Rajasthan Sprint",
    "peckingOrder": "S,A,B,C,D,E",
    "terrain": "Sand",
    "distance": 100,
    "maxCapacity": 8,
    "location": "Jaipur, India",
    "minimumStartDelay": 3,
    "startTime": 60,
    "fee": 0.001,
    "prizePool": 0.0072,
    "type": "Automatic",
    "group": 1,
    "unlimitPO": "No"
  },
  {
    "name": "Cruz De Praia",
    "peckingOrder": "S,A,B,C,D,E",
    "terrain": "Sand",
    "distance": 140,
    "maxCapacity": 8,
    "location": "Praia de Galápos, Portugal",
    "minimumStartDelay": 3,
    "startTime": 60,
    "fee": 0.001,
    "prizePool": 0.0072,
    "type": "Automatic",
    "group": 1,
    "unlimitPO": "No"
  },
  {
    "name": "Maurice Walk",
    "peckingOrder": "S,A,B,C,D,E",
    "terrain": "Snow",
    "distance": 120,
    "maxCapacity": 8,
    "location": "St. Moritz, Switzerland",
    "minimumStartDelay": 3,
    "startTime": 60,
    "fee": 0.001,
    "prizePool": 0.0072,
    "type": "Automatic",
    "group": 1,
    "unlimitPO": "No"
  },
  {
    "name": "Lesotho Length",
    "peckingOrder": "S,A,B,C,D,E",
    "terrain": "Snow",
    "distance": 160,
    "maxCapacity": 8,
    "location": "Mokhotlong, Lesotho",
    "minimumStartDelay": 3,
    "startTime": 60,
    "fee": 0.001,
    "prizePool": 0.0072,
    "type": "Automatic",
    "group": 1,
    "unlimitPO": "No"
  },
  {
    "name": "European Meet",
    "peckingOrder": "S,A,B,C,D,E",
    "terrain": "Track",
    "distance": 120,
    "maxCapacity": 8,
    "location": "Brussels, Belgium",
    "minimumStartDelay": 3,
    "startTime": 60,
    "fee": 0.001,
    "prizePool": 0.0072,
    "type": "Automatic",
    "group": 1,
    "unlimitPO": "No"
  },
  {
    "name": "Capital Meet",
    "peckingOrder": "S,A,B,C,D,E",
    "terrain": "Track",
    "distance": 200,
    "maxCapacity": 8,
    "location": "Sofia, Bulgaria",
    "minimumStartDelay": 3,
    "startTime": 60,
    "fee": 0.001,
    "prizePool": 0.0072,
    "type": "Automatic",
    "group": 1,
    "unlimitPO": "No"
  },
  {
    "name": "The Chicken Caper",
    "peckingOrder": "S,A,B,C,D,E",
    "terrain": "Dirt",
    "distance": 100,
    "maxCapacity": 8,
    "location": "Tasiilaq, Greenland",
    "minimumStartDelay": 3,
    "startTime": 60,
    "fee": 0.002,
    "prizePool": 0.0144,
    "type": "Automatic",
    "group": 1,
    "unlimitPO": "No"
  },
  {
    "name": "Long Island Stakes",
    "peckingOrder": "S,A,B,C,D,E",
    "terrain": "Dirt",
    "distance": 140,
    "maxCapacity": 8,
    "location": "New York City, USA",
    "minimumStartDelay": 3,
    "startTime": 60,
    "fee": 0.002,
    "prizePool": 0.0144,
    "type": "Automatic",
    "group": 1,
    "unlimitPO": "No"
  },
  {
    "name": "Városliget Sprintel",
    "peckingOrder": "S,A,B,C,D,E",
    "terrain": "Grass",
    "distance": 100,
    "maxCapacity": 8,
    "location": "Budapest, Hungary",
    "minimumStartDelay": 3,
    "startTime": 60,
    "fee": 0.002,
    "prizePool": 0.0144,
    "type": "Automatic",
    "group": 1,
    "unlimitPO": "No"
  },
  {
    "name": "Demeter's Folly",
    "peckingOrder": "S,A,B,C,D,E",
    "terrain": "Grass",
    "distance": 200,
    "maxCapacity": 8,
    "location": "Athens, Greece",
    "minimumStartDelay": 3,
    "startTime": 60,
    "fee": 0.002,
    "prizePool": 0.0144,
    "type": "Automatic",
    "group": 1,
    "unlimitPO": "No"
  },
  {
    "name": "Monrovia City Sprint",
    "peckingOrder": "S,A,B,C,D,E",
    "terrain": "Road",
    "distance": 120,
    "maxCapacity": 8,
    "location": "Monrovia, Liberia",
    "minimumStartDelay": 3,
    "startTime": 60,
    "fee": 0.002,
    "prizePool": 0.0144,
    "type": "Automatic",
    "group": 1,
    "unlimitPO": "No"
  },
  {
    "name": "Carretera Central",
    "peckingOrder": "S,A,B,C,D,E",
    "terrain": "Road",
    "distance": 180,
    "maxCapacity": 8,
    "location": "San Juan, Puerto Rico",
    "minimumStartDelay": 3,
    "startTime": 60,
    "fee": 0.002,
    "prizePool": 0.0144,
    "type": "Automatic",
    "group": 1,
    "unlimitPO": "No"
  },
  {
    "name": "Bridge Crossing",
    "peckingOrder": "S,A,B,C,D,E",
    "terrain": "Rock",
    "distance": 120,
    "maxCapacity": 8,
    "location": "Córdoba, Spain",
    "minimumStartDelay": 3,
    "startTime": 60,
    "fee": 0.002,
    "prizePool": 0.0144,
    "type": "Automatic",
    "group": 1,
    "unlimitPO": "No"
  },
  {
    "name": "Doyle's Drop",
    "peckingOrder": "S,A,B,C,D,E",
    "terrain": "Rock",
    "distance": 140,
    "maxCapacity": 8,
    "location": "Maya Mountains, Belize",
    "minimumStartDelay": 3,
    "startTime": 60,
    "fee": 0.002,
    "prizePool": 0.0144,
    "type": "Automatic",
    "group": 1,
    "unlimitPO": "No"
  },
  {
    "name": "Playa Pass",
    "peckingOrder": "S,A,B,C,D,E",
    "terrain": "Sand",
    "distance": 160,
    "maxCapacity": 8,
    "location": "Montevideo, Uruguay",
    "minimumStartDelay": 3,
    "startTime": 60,
    "fee": 0.002,
    "prizePool": 0.0144,
    "type": "Automatic",
    "group": 1,
    "unlimitPO": "No"
  },
  {
    "name": "Island Race",
    "peckingOrder": "S,A,B,C,D,E",
    "terrain": "Sand",
    "distance": 180,
    "maxCapacity": 8,
    "location": "Floating City, Bahrain",
    "minimumStartDelay": 3,
    "startTime": 60,
    "fee": 0.002,
    "prizePool": 0.0144,
    "type": "Automatic",
    "group": 1,
    "unlimitPO": "No"
  },
  {
    "name": "Andes Peak",
    "peckingOrder": "S,A,B,C,D,E",
    "terrain": "Snow",
    "distance": 140,
    "maxCapacity": 8,
    "location": "Mendoza, Argentina",
    "minimumStartDelay": 3,
    "startTime": 60,
    "fee": 0.002,
    "prizePool": 0.0144,
    "type": "Automatic",
    "group": 1,
    "unlimitPO": "No"
  },
  {
    "name": "Raidāk River Raise",
    "peckingOrder": "S,A,B,C,D,E",
    "terrain": "Snow",
    "distance": 200,
    "maxCapacity": 8,
    "location": "Thimphu, Bhutan",
    "minimumStartDelay": 3,
    "startTime": 60,
    "fee": 0.002,
    "prizePool": 0.0144,
    "type": "Automatic",
    "group": 1,
    "unlimitPO": "No"
  },
  {
    "name": "100m Free",
    "peckingOrder": "S,A,B,C,D,E",
    "terrain": "Track",
    "distance": 100,
    "maxCapacity": 8,
    "location": "Freetown, Sierra Leone",
    "minimumStartDelay": 3,
    "startTime": 60,
    "fee": 0.002,
    "prizePool": 0.0144,
    "type": "Automatic",
    "group": 1,
    "unlimitPO": "No"
  },
  {
    "name": "Oslo Meet",
    "peckingOrder": "S,A,B,C,D,E",
    "terrain": "Track",
    "distance": 160,
    "maxCapacity": 8,
    "location": "Oslo, Norway",
    "minimumStartDelay": 3,
    "startTime": 60,
    "fee": 0.002,
    "prizePool": 0.0144,
    "type": "Automatic",
    "group": 1,
    "unlimitPO": "No"
  },
  {
    "name": "Medieval Mud",
    "peckingOrder": "S,A,B,C,D,E",
    "terrain": "Dirt",
    "distance": 120,
    "maxCapacity": 8,
    "location": "Lucerne, Switzerland",
    "minimumStartDelay": 3,
    "startTime": 60,
    "fee": 0.0003,
    "prizePool": 0.00216,
    "type": "Automatic",
    "group": 2,
    "unlimitPO": "No"
  },
  {
    "name": "Lake Trudge",
    "peckingOrder": "S,A,B,C,D,E",
    "terrain": "Dirt",
    "distance": 140,
    "maxCapacity": 8,
    "location": "Erie, USA",
    "minimumStartDelay": 3,
    "startTime": 60,
    "fee": 0.0003,
    "prizePool": 0.00216,
    "type": "Automatic",
    "group": 2,
    "unlimitPO": "No"
  },
  {
    "name": "Tender Chicken",
    "peckingOrder": "S,A,B,C,D,E",
    "terrain": "Dirt",
    "distance": 200,
    "maxCapacity": 8,
    "location": "Mt. Vesuvius, Italy",
    "minimumStartDelay": 3,
    "startTime": 60,
    "fee": 0.0003,
    "prizePool": 0.00216,
    "type": "Automatic",
    "group": 2,
    "unlimitPO": "No"
  },
  {
    "name": "Pacific Tide",
    "peckingOrder": "S,A,B,C,D,E",
    "terrain": "Grass",
    "distance": 120,
    "maxCapacity": 8,
    "location": "Romanum, Micronesia",
    "minimumStartDelay": 3,
    "startTime": 60,
    "fee": 0.0003,
    "prizePool": 0.00216,
    "type": "Automatic",
    "group": 2,
    "unlimitPO": "No"
  },
  {
    "name": "Grass Trial",
    "peckingOrder": "S,A,B,C,D,E",
    "terrain": "Grass",
    "distance": 140,
    "maxCapacity": 8,
    "location": "Chişinău, Moldova",
    "minimumStartDelay": 3,
    "startTime": 60,
    "fee": 0.0003,
    "prizePool": 0.00216,
    "type": "Automatic",
    "group": 2,
    "unlimitPO": "No"
  },
  {
    "name": "City Cross",
    "peckingOrder": "S,A,B,C,D,E",
    "terrain": "Grass",
    "distance": 180,
    "maxCapacity": 8,
    "location": "Antananarivo, Madagascar",
    "minimumStartDelay": 3,
    "startTime": 60,
    "fee": 0.0003,
    "prizePool": 0.00216,
    "type": "Automatic",
    "group": 2,
    "unlimitPO": "No"
  },
  {
    "name": "Pauper's Peck",
    "peckingOrder": "S,A,B,C,D,E",
    "terrain": "Road",
    "distance": 100,
    "maxCapacity": 8,
    "location": "Port-au-Prince, Haiti",
    "minimumStartDelay": 3,
    "startTime": 60,
    "fee": 0.0003,
    "prizePool": 0.00216,
    "type": "Automatic",
    "group": 2,
    "unlimitPO": "No"
  },
  {
    "name": "China Trial",
    "peckingOrder": "S,A,B,C,D,E",
    "terrain": "Road",
    "distance": 160,
    "maxCapacity": 8,
    "location": "Chongqing, China",
    "minimumStartDelay": 3,
    "startTime": 60,
    "fee": 0.0003,
    "prizePool": 0.00216,
    "type": "Automatic",
    "group": 2,
    "unlimitPO": "No"
  },
  {
    "name": "Secretary 's Wash",
    "peckingOrder": "S,A,B,C,D,E",
    "terrain": "Road",
    "distance": 180,
    "maxCapacity": 8,
    "location": "Granada, Nicaragua",
    "minimumStartDelay": 3,
    "startTime": 60,
    "fee": 0.0003,
    "prizePool": 0.00216,
    "type": "Automatic",
    "group": 2,
    "unlimitPO": "No"
  },
  {
    "name": "City Rock",
    "peckingOrder": "S,A,B,C,D,E",
    "terrain": "Rock",
    "distance": 100,
    "maxCapacity": 8,
    "location": "Nicosia, Cyprus",
    "minimumStartDelay": 3,
    "startTime": 60,
    "fee": 0.0003,
    "prizePool": 0.00216,
    "type": "Automatic",
    "group": 2,
    "unlimitPO": "No"
  },
  {
    "name": "Uluru Trail",
    "peckingOrder": "S,A,B,C,D,E",
    "terrain": "Rock",
    "distance": 160,
    "maxCapacity": 8,
    "location": "Uluru, Australia",
    "minimumStartDelay": 3,
    "startTime": 60,
    "fee": 0.0003,
    "prizePool": 0.00216,
    "type": "Automatic",
    "group": 2,
    "unlimitPO": "No"
  },
  {
    "name": "The Short Climb",
    "peckingOrder": "S,A,B,C,D,E",
    "terrain": "Rock",
    "distance": 200,
    "maxCapacity": 8,
    "location": "Naryn, Kyrgyzstan",
    "minimumStartDelay": 3,
    "startTime": 60,
    "fee": 0.0003,
    "prizePool": 0.00216,
    "type": "Automatic",
    "group": 2,
    "unlimitPO": "No"
  },
  {
    "name": "Blaauwberg 120 - Practice",
    "peckingOrder": "S,A,B,C,D,E",
    "terrain": "Sand",
    "distance": 120,
    "maxCapacity": 8,
    "location": "Cape Town, South Africa",
    "minimumStartDelay": 3,
    "startTime": 60,
    "fee": 0.0003,
    "prizePool": 0.00216,
    "type": "Automatic",
    "group": 2,
    "unlimitPO": "No"
  },
  {
    "name": "Mayor's Pass",
    "peckingOrder": "S,A,B,C,D,E",
    "terrain": "Sand",
    "distance": 140,
    "maxCapacity": 8,
    "location": "Auckland, New Zealand",
    "minimumStartDelay": 3,
    "startTime": 60,
    "fee": 0.0003,
    "prizePool": 0.00216,
    "type": "Automatic",
    "group": 2,
    "unlimitPO": "No"
  },
  {
    "name": "Mum's Marathon",
    "peckingOrder": "S,A,B,C,D,E",
    "terrain": "Sand",
    "distance": 180,
    "maxCapacity": 8,
    "location": "Margate, UK",
    "minimumStartDelay": 3,
    "startTime": 60,
    "fee": 0.0003,
    "prizePool": 0.00216,
    "type": "Automatic",
    "group": 2,
    "unlimitPO": "No"
  },
  {
    "name": "100 Local",
    "peckingOrder": "S,A,B,C,D,E",
    "terrain": "Snow",
    "distance": 100,
    "maxCapacity": 8,
    "location": "Nuuk, Greenland",
    "minimumStartDelay": 3,
    "startTime": 60,
    "fee": 0.0003,
    "prizePool": 0.00216,
    "type": "Automatic",
    "group": 2,
    "unlimitPO": "No"
  },
  {
    "name": "Mokhotlong Minute",
    "peckingOrder": "S,A,B,C,D,E",
    "terrain": "Snow",
    "distance": 160,
    "maxCapacity": 8,
    "location": "Mokhotlong, Lesotho",
    "minimumStartDelay": 3,
    "startTime": 60,
    "fee": 0.0003,
    "prizePool": 0.00216,
    "type": "Automatic",
    "group": 2,
    "unlimitPO": "No"
  },
  {
    "name": "Whitby Way",
    "peckingOrder": "S,A,B,C,D,E",
    "terrain": "Snow",
    "distance": 180,
    "maxCapacity": 8,
    "location": "Whitby, Canada",
    "minimumStartDelay": 3,
    "startTime": 60,
    "fee": 0.0003,
    "prizePool": 0.00216,
    "type": "Automatic",
    "group": 2,
    "unlimitPO": "No"
  },
  {
    "name": "Course De Poussins",
    "peckingOrder": "S,A,B,C,D,E",
    "terrain": "Track",
    "distance": 120,
    "maxCapacity": 8,
    "location": "Paris, France",
    "minimumStartDelay": 3,
    "startTime": 60,
    "fee": 0.0003,
    "prizePool": 0.00216,
    "type": "Automatic",
    "group": 2,
    "unlimitPO": "No"
  },
  {
    "name": "The Big One Forty",
    "peckingOrder": "S,A,B,C,D,E",
    "terrain": "Track",
    "distance": 140,
    "maxCapacity": 8,
    "location": "Itu, Brazil",
    "minimumStartDelay": 3,
    "startTime": 60,
    "fee": 0.0003,
    "prizePool": 0.00216,
    "type": "Automatic",
    "group": 2,
    "unlimitPO": "No"
  },
  {
    "name": "Cuxibamba Track",
    "peckingOrder": "S,A,B,C,D,E",
    "terrain": "Track",
    "distance": 180,
    "maxCapacity": 8,
    "location": "Loja, Ecuador",
    "minimumStartDelay": 3,
    "startTime": 60,
    "fee": 0.0003,
    "prizePool": 0.00216,
    "type": "Automatic",
    "group": 2,
    "unlimitPO": "No"
  },
  {
    "name": "Valentine Chase",
    "peckingOrder": "S,A,B,C,D,E",
    "terrain": "Dirt",
    "distance": 100,
    "maxCapacity": 8,
    "location": "Capiatá, Paraguay",
    "minimumStartDelay": 3,
    "startTime": 60,
    "fee": 0.0005,
    "prizePool": 0.0036,
    "type": "Automatic",
    "group": 2,
    "unlimitPO": "No"
  },
  {
    "name": "Little 160",
    "peckingOrder": "S,A,B,C,D,E",
    "terrain": "Dirt",
    "distance": 160,
    "maxCapacity": 8,
    "location": "Vienna, Austria",
    "minimumStartDelay": 3,
    "startTime": 60,
    "fee": 0.0005,
    "prizePool": 0.0036,
    "type": "Automatic",
    "group": 2,
    "unlimitPO": "No"
  },
  {
    "name": "Mahalakshmi Cross",
    "peckingOrder": "S,A,B,C,D,E",
    "terrain": "Dirt",
    "distance": 180,
    "maxCapacity": 8,
    "location": "Mumbai, India",
    "minimumStartDelay": 3,
    "startTime": 60,
    "fee": 0.0005,
    "prizePool": 0.0036,
    "type": "Automatic",
    "group": 2,
    "unlimitPO": "No"
  },
  {
    "name": "Taipei Sprint",
    "peckingOrder": "S,A,B,C,D,E",
    "terrain": "Grass",
    "distance": 100,
    "maxCapacity": 8,
    "location": "Taipei, Taiwan",
    "minimumStartDelay": 3,
    "startTime": 60,
    "fee": 0.0005,
    "prizePool": 0.0036,
    "type": "Automatic",
    "group": 2,
    "unlimitPO": "No"
  },
  {
    "name": "Žolė Lenktynės",
    "peckingOrder": "S,A,B,C,D,E",
    "terrain": "Grass",
    "distance": 160,
    "maxCapacity": 8,
    "location": "Vilnius, Lithuania",
    "minimumStartDelay": 3,
    "startTime": 60,
    "fee": 0.0005,
    "prizePool": 0.0036,
    "type": "Automatic",
    "group": 2,
    "unlimitPO": "No"
  },
  {
    "name": "Jardim Gate",
    "peckingOrder": "S,A,B,C,D,E",
    "terrain": "Grass",
    "distance": 200,
    "maxCapacity": 8,
    "location": "Dili, Timor-Leste",
    "minimumStartDelay": 3,
    "startTime": 60,
    "fee": 0.0005,
    "prizePool": 0.0036,
    "type": "Automatic",
    "group": 2,
    "unlimitPO": "No"
  },
  {
    "name": "Starý Most Beginners Cross",
    "peckingOrder": "S,A,B,C,D,E",
    "terrain": "Road",
    "distance": 120,
    "maxCapacity": 8,
    "location": "Bratislava, Slovakia",
    "minimumStartDelay": 3,
    "startTime": 60,
    "fee": 0.0005,
    "prizePool": 0.0036,
    "type": "Automatic",
    "group": 2,
    "unlimitPO": "No"
  },
  {
    "name": "Mexico City Meet",
    "peckingOrder": "S,A,B,C,D,E",
    "terrain": "Road",
    "distance": 140,
    "maxCapacity": 8,
    "location": "Mexico City, Mexico",
    "minimumStartDelay": 3,
    "startTime": 60,
    "fee": 0.0005,
    "prizePool": 0.0036,
    "type": "Automatic",
    "group": 2,
    "unlimitPO": "No"
  },
  {
    "name": "Beginners Marathon",
    "peckingOrder": "S,A,B,C,D,E",
    "terrain": "Road",
    "distance": 200,
    "maxCapacity": 8,
    "location": "Yokohama, Japan",
    "minimumStartDelay": 3,
    "startTime": 60,
    "fee": 0.0005,
    "prizePool": 0.0036,
    "type": "Automatic",
    "group": 2,
    "unlimitPO": "No"
  },
  {
    "name": "Barbados Break",
    "peckingOrder": "S,A,B,C,D,E",
    "terrain": "Rock",
    "distance": 120,
    "maxCapacity": 8,
    "location": "Bridgetown, Barbados",
    "minimumStartDelay": 3,
    "startTime": 60,
    "fee": 0.0005,
    "prizePool": 0.0036,
    "type": "Automatic",
    "group": 2,
    "unlimitPO": "No"
  },
  {
    "name": "Timed Trail",
    "peckingOrder": "S,A,B,C,D,E",
    "terrain": "Rock",
    "distance": 140,
    "maxCapacity": 8,
    "location": "Denizli, Turkey",
    "minimumStartDelay": 3,
    "startTime": 60,
    "fee": 0.0005,
    "prizePool": 0.0036,
    "type": "Automatic",
    "group": 2,
    "unlimitPO": "No"
  },
  {
    "name": "South American Medal",
    "peckingOrder": "S,A,B,C,D,E",
    "terrain": "Rock",
    "distance": 180,
    "maxCapacity": 8,
    "location": "Caracas, Venezuela",
    "minimumStartDelay": 3,
    "startTime": 60,
    "fee": 0.0005,
    "prizePool": 0.0036,
    "type": "Automatic",
    "group": 2,
    "unlimitPO": "No"
  },
  {
    "name": "The Bronze Sprint",
    "peckingOrder": "S,A,B,C,D,E",
    "terrain": "Sand",
    "distance": 100,
    "maxCapacity": 8,
    "location": "Gold Rock Beach, Bahamas",
    "minimumStartDelay": 3,
    "startTime": 60,
    "fee": 0.0005,
    "prizePool": 0.0036,
    "type": "Automatic",
    "group": 2,
    "unlimitPO": "No"
  },
  {
    "name": "Zacharias Task",
    "peckingOrder": "S,A,B,C,D,E",
    "terrain": "Sand",
    "distance": 160,
    "maxCapacity": 8,
    "location": "Denigomodu, Nauru",
    "minimumStartDelay": 3,
    "startTime": 60,
    "fee": 0.0005,
    "prizePool": 0.0036,
    "type": "Automatic",
    "group": 2,
    "unlimitPO": "No"
  },
  {
    "name": "Desert Dance",
    "peckingOrder": "S,A,B,C,D,E",
    "terrain": "Sand",
    "distance": 200,
    "maxCapacity": 8,
    "location": "Gao, Mali",
    "minimumStartDelay": 3,
    "startTime": 60,
    "fee": 0.0005,
    "prizePool": 0.0036,
    "type": "Automatic",
    "group": 2,
    "unlimitPO": "No"
  },
  {
    "name": "Snow Test",
    "peckingOrder": "S,A,B,C,D,E",
    "terrain": "Snow",
    "distance": 120,
    "maxCapacity": 8,
    "location": "Bulguksa, South Korea",
    "minimumStartDelay": 3,
    "startTime": 60,
    "fee": 0.0005,
    "prizePool": 0.0036,
    "type": "Automatic",
    "group": 2,
    "unlimitPO": "No"
  },
  {
    "name": "Novice Derby",
    "peckingOrder": "S,A,B,C,D,E",
    "terrain": "Snow",
    "distance": 140,
    "maxCapacity": 8,
    "location": "Tallinn, Estonia",
    "minimumStartDelay": 3,
    "startTime": 60,
    "fee": 0.0005,
    "prizePool": 0.0036,
    "type": "Automatic",
    "group": 2,
    "unlimitPO": "No"
  },
  {
    "name": "Downhill Dance",
    "peckingOrder": "S,A,B,C,D,E",
    "terrain": "Snow",
    "distance": 200,
    "maxCapacity": 8,
    "location": "Thun, Switzerland",
    "minimumStartDelay": 3,
    "startTime": 60,
    "fee": 0.0005,
    "prizePool": 0.0036,
    "type": "Automatic",
    "group": 2,
    "unlimitPO": "No"
  },
  {
    "name": "100 Dash",
    "peckingOrder": "S,A,B,C,D,E",
    "terrain": "Track",
    "distance": 100,
    "maxCapacity": 8,
    "location": "Kingston, Jamaica",
    "minimumStartDelay": 3,
    "startTime": 60,
    "fee": 0.0005,
    "prizePool": 0.0036,
    "type": "Automatic",
    "group": 2,
    "unlimitPO": "No"
  },
  {
    "name": "National Stadium Catch",
    "peckingOrder": "S,A,B,C,D,E",
    "terrain": "Track",
    "distance": 160,
    "maxCapacity": 8,
    "location": "Tokyo, Japan",
    "minimumStartDelay": 3,
    "startTime": 60,
    "fee": 0.0005,
    "prizePool": 0.0036,
    "type": "Automatic",
    "group": 2,
    "unlimitPO": "No"
  },
  {
    "name": "University Wash",
    "peckingOrder": "S,A,B,C,D,E",
    "terrain": "Track",
    "distance": 200,
    "maxCapacity": 8,
    "location": "Gaborone, Botswana",
    "minimumStartDelay": 3,
    "startTime": 60,
    "fee": 0.0005,
    "prizePool": 0.0036,
    "type": "Automatic",
    "group": 2,
    "unlimitPO": "No"
  },
  {
    "name": "Medieval Mud",
    "peckingOrder": "S,A,B,C,D,E",
    "terrain": "Dirt",
    "distance": 120,
    "maxCapacity": 4,
    "location": "Lucerne, Switzerland",
    "minimumStartDelay": 3,
    "startTime": 60,
    "fee": 0.0001,
    "prizePool": 0.00036,
    "type": "Automatic",
    "group": 3,
    "unlimitPO": "Yes"
  },
  {
    "name": "Lake Trudge",
    "peckingOrder": "S,A,B,C,D,E",
    "terrain": "Dirt",
    "distance": 140,
    "maxCapacity": 4,
    "location": "Erie, USA",
    "minimumStartDelay": 3,
    "startTime": 60,
    "fee": 0.0001,
    "prizePool": 0.00036,
    "type": "Automatic",
    "group": 3,
    "unlimitPO": "Yes"
  },
  {
    "name": "Tender Chicken",
    "peckingOrder": "S,A,B,C,D,E",
    "terrain": "Dirt",
    "distance": 200,
    "maxCapacity": 4,
    "location": "Mt. Vesuvius, Italy",
    "minimumStartDelay": 3,
    "startTime": 60,
    "fee": 0.0001,
    "prizePool": 0.00036,
    "type": "Automatic",
    "group": 3,
    "unlimitPO": "Yes"
  },
  {
    "name": "Pacific Tide",
    "peckingOrder": "S,A,B,C,D,E",
    "terrain": "Grass",
    "distance": 120,
    "maxCapacity": 4,
    "location": "Romanum, Micronesia",
    "minimumStartDelay": 3,
    "startTime": 60,
    "fee": 0.0001,
    "prizePool": 0.00036,
    "type": "Automatic",
    "group": 3,
    "unlimitPO": "Yes"
  },
  {
    "name": "Grass Trial",
    "peckingOrder": "S,A,B,C,D,E",
    "terrain": "Grass",
    "distance": 140,
    "maxCapacity": 4,
    "location": "Chişinău, Moldova",
    "minimumStartDelay": 3,
    "startTime": 60,
    "fee": 0.0001,
    "prizePool": 0.00036,
    "type": "Automatic",
    "group": 3,
    "unlimitPO": "Yes"
  },
  {
    "name": "City Cross",
    "peckingOrder": "S,A,B,C,D,E",
    "terrain": "Grass",
    "distance": 180,
    "maxCapacity": 4,
    "location": "Antananarivo, Madagascar",
    "minimumStartDelay": 3,
    "startTime": 60,
    "fee": 0.0001,
    "prizePool": 0.00036,
    "type": "Automatic",
    "group": 3,
    "unlimitPO": "Yes"
  },
  {
    "name": "Pauper's Peck",
    "peckingOrder": "S,A,B,C,D,E",
    "terrain": "Road",
    "distance": 100,
    "maxCapacity": 4,
    "location": "Port-au-Prince, Haiti",
    "minimumStartDelay": 3,
    "startTime": 60,
    "fee": 0.0001,
    "prizePool": 0.00036,
    "type": "Automatic",
    "group": 3,
    "unlimitPO": "Yes"
  },
  {
    "name": "China Trial",
    "peckingOrder": "S,A,B,C,D,E",
    "terrain": "Road",
    "distance": 160,
    "maxCapacity": 4,
    "location": "Chongqing, China",
    "minimumStartDelay": 3,
    "startTime": 60,
    "fee": 0.0001,
    "prizePool": 0.00036,
    "type": "Automatic",
    "group": 3,
    "unlimitPO": "Yes"
  },
  {
    "name": "Secretary 's Wash",
    "peckingOrder": "S,A,B,C,D,E",
    "terrain": "Road",
    "distance": 180,
    "maxCapacity": 4,
    "location": "Granada, Nicaragua",
    "minimumStartDelay": 3,
    "startTime": 60,
    "fee": 0.0001,
    "prizePool": 0.00036,
    "type": "Automatic",
    "group": 3,
    "unlimitPO": "Yes"
  },
  {
    "name": "City Rock",
    "peckingOrder": "S,A,B,C,D,E",
    "terrain": "Rock",
    "distance": 100,
    "maxCapacity": 4,
    "location": "Nicosia, Cyprus",
    "minimumStartDelay": 3,
    "startTime": 60,
    "fee": 0.0001,
    "prizePool": 0.00036,
    "type": "Automatic",
    "group": 3,
    "unlimitPO": "Yes"
  },
  {
    "name": "Uluru Trail",
    "peckingOrder": "S,A,B,C,D,E",
    "terrain": "Rock",
    "distance": 160,
    "maxCapacity": 4,
    "location": "Uluru, Australia",
    "minimumStartDelay": 3,
    "startTime": 60,
    "fee": 0.0001,
    "prizePool": 0.00036,
    "type": "Automatic",
    "group": 3,
    "unlimitPO": "Yes"
  },
  {
    "name": "The Short Climb",
    "peckingOrder": "S,A,B,C,D,E",
    "terrain": "Rock",
    "distance": 200,
    "maxCapacity": 4,
    "location": "Naryn, Kyrgyzstan",
    "minimumStartDelay": 3,
    "startTime": 60,
    "fee": 0.0001,
    "prizePool": 0.00036,
    "type": "Automatic",
    "group": 3,
    "unlimitPO": "Yes"
  },
  {
    "name": "Blaauwberg 120 - Practice",
    "peckingOrder": "S,A,B,C,D,E",
    "terrain": "Sand",
    "distance": 120,
    "maxCapacity": 4,
    "location": "Cape Town, South Africa",
    "minimumStartDelay": 3,
    "startTime": 60,
    "fee": 0.0001,
    "prizePool": 0.00036,
    "type": "Automatic",
    "group": 3,
    "unlimitPO": "Yes"
  },
  {
    "name": "Mayor's Pass",
    "peckingOrder": "S,A,B,C,D,E",
    "terrain": "Sand",
    "distance": 140,
    "maxCapacity": 4,
    "location": "Auckland, New Zealand",
    "minimumStartDelay": 3,
    "startTime": 60,
    "fee": 0.0001,
    "prizePool": 0.00036,
    "type": "Automatic",
    "group": 3,
    "unlimitPO": "Yes"
  },
  {
    "name": "Mum's Marathon",
    "peckingOrder": "S,A,B,C,D,E",
    "terrain": "Sand",
    "distance": 180,
    "maxCapacity": 4,
    "location": "Margate, UK",
    "minimumStartDelay": 3,
    "startTime": 60,
    "fee": 0.0001,
    "prizePool": 0.00036,
    "type": "Automatic",
    "group": 3,
    "unlimitPO": "Yes"
  },
  {
    "name": "100 Local",
    "peckingOrder": "S,A,B,C,D,E",
    "terrain": "Snow",
    "distance": 100,
    "maxCapacity": 4,
    "location": "Nuuk, Greenland",
    "minimumStartDelay": 3,
    "startTime": 60,
    "fee": 0.0001,
    "prizePool": 0.00036,
    "type": "Automatic",
    "group": 3,
    "unlimitPO": "Yes"
  },
  {
    "name": "Mokhotlong Minute",
    "peckingOrder": "S,A,B,C,D,E",
    "terrain": "Snow",
    "distance": 160,
    "maxCapacity": 4,
    "location": "Mokhotlong, Lesotho",
    "minimumStartDelay": 3,
    "startTime": 60,
    "fee": 0.0001,
    "prizePool": 0.00036,
    "type": "Automatic",
    "group": 3,
    "unlimitPO": "Yes"
  },
  {
    "name": "Whitby Way",
    "peckingOrder": "S,A,B,C,D,E",
    "terrain": "Snow",
    "distance": 180,
    "maxCapacity": 4,
    "location": "Whitby, Canada",
    "minimumStartDelay": 3,
    "startTime": 60,
    "fee": 0.0001,
    "prizePool": 0.00036,
    "type": "Automatic",
    "group": 3,
    "unlimitPO": "Yes"
  },
  {
    "name": "Course De Poussins",
    "peckingOrder": "S,A,B,C,D,E",
    "terrain": "Track",
    "distance": 120,
    "maxCapacity": 4,
    "location": "Paris, France",
    "minimumStartDelay": 3,
    "startTime": 60,
    "fee": 0.0001,
    "prizePool": 0.00036,
    "type": "Automatic",
    "group": 3,
    "unlimitPO": "Yes"
  },
  {
    "name": "The Big One Forty",
    "peckingOrder": "S,A,B,C,D,E",
    "terrain": "Track",
    "distance": 140,
    "maxCapacity": 4,
    "location": "Itu, Brazil",
    "minimumStartDelay": 3,
    "startTime": 60,
    "fee": 0.0001,
    "prizePool": 0.00036,
    "type": "Automatic",
    "group": 3,
    "unlimitPO": "Yes"
  },
  {
    "name": "Cuxibamba Track",
    "peckingOrder": "S,A,B,C,D,E",
    "terrain": "Track",
    "distance": 180,
    "maxCapacity": 4,
    "location": "Loja, Ecuador",
    "minimumStartDelay": 3,
    "startTime": 60,
    "fee": 0.0001,
    "prizePool": 0.00036,
    "type": "Automatic",
    "group": 3,
    "unlimitPO": "Yes"
  },
  {
    "name": "Valentine Chase",
    "peckingOrder": "S,A,B,C,D,E",
    "terrain": "Dirt",
    "distance": 100,
    "maxCapacity": 4,
    "location": "Capiatá, Paraguay",
    "minimumStartDelay": 3,
    "startTime": 60,
    "fee": 0.0001,
    "prizePool": 0.00036,
    "type": "Automatic",
    "group": 3,
    "unlimitPO": "Yes"
  },
  {
    "name": "Little 160",
    "peckingOrder": "S,A,B,C,D,E",
    "terrain": "Dirt",
    "distance": 160,
    "maxCapacity": 4,
    "location": "Vienna, Austria",
    "minimumStartDelay": 3,
    "startTime": 60,
    "fee": 0.0001,
    "prizePool": 0.00036,
    "type": "Automatic",
    "group": 3,
    "unlimitPO": "Yes"
  },
  {
    "name": "Mahalakshmi Cross",
    "peckingOrder": "S,A,B,C,D,E",
    "terrain": "Dirt",
    "distance": 180,
    "maxCapacity": 4,
    "location": "Mumbai, India",
    "minimumStartDelay": 3,
    "startTime": 60,
    "fee": 0.0001,
    "prizePool": 0.00036,
    "type": "Automatic",
    "group": 3,
    "unlimitPO": "Yes"
  },
  {
    "name": "Taipei Sprint",
    "peckingOrder": "S,A,B,C,D,E",
    "terrain": "Grass",
    "distance": 100,
    "maxCapacity": 4,
    "location": "Taipei, Taiwan",
    "minimumStartDelay": 3,
    "startTime": 60,
    "fee": 0.0001,
    "prizePool": 0.00036,
    "type": "Automatic",
    "group": 3,
    "unlimitPO": "Yes"
  },
  {
    "name": "Žolė Lenktynės",
    "peckingOrder": "S,A,B,C,D,E",
    "terrain": "Grass",
    "distance": 160,
    "maxCapacity": 4,
    "location": "Vilnius, Lithuania",
    "minimumStartDelay": 3,
    "startTime": 60,
    "fee": 0.0001,
    "prizePool": 0.00036,
    "type": "Automatic",
    "group": 3,
    "unlimitPO": "Yes"
  },
  {
    "name": "Jardim Gate",
    "peckingOrder": "S,A,B,C,D,E",
    "terrain": "Grass",
    "distance": 200,
    "maxCapacity": 4,
    "location": "Dili, Timor-Leste",
    "minimumStartDelay": 3,
    "startTime": 60,
    "fee": 0.0001,
    "prizePool": 0.00036,
    "type": "Automatic",
    "group": 3,
    "unlimitPO": "Yes"
  },
  {
    "name": "Starý Most Beginners Cross",
    "peckingOrder": "S,A,B,C,D,E",
    "terrain": "Road",
    "distance": 120,
    "maxCapacity": 4,
    "location": "Bratislava, Slovakia",
    "minimumStartDelay": 3,
    "startTime": 60,
    "fee": 0.0001,
    "prizePool": 0.00036,
    "type": "Automatic",
    "group": 3,
    "unlimitPO": "Yes"
  },
  {
    "name": "Mexico City Meet",
    "peckingOrder": "S,A,B,C,D,E",
    "terrain": "Road",
    "distance": 140,
    "maxCapacity": 4,
    "location": "Mexico City, Mexico",
    "minimumStartDelay": 3,
    "startTime": 60,
    "fee": 0.0001,
    "prizePool": 0.00036,
    "type": "Automatic",
    "group": 3,
    "unlimitPO": "Yes"
  },
  {
    "name": "Beginners Marathon",
    "peckingOrder": "S,A,B,C,D,E",
    "terrain": "Road",
    "distance": 200,
    "maxCapacity": 4,
    "location": "Yokohama, Japan",
    "minimumStartDelay": 3,
    "startTime": 60,
    "fee": 0.0001,
    "prizePool": 0.00036,
    "type": "Automatic",
    "group": 3,
    "unlimitPO": "Yes"
  },
  {
    "name": "Barbados Break",
    "peckingOrder": "S,A,B,C,D,E",
    "terrain": "Rock",
    "distance": 120,
    "maxCapacity": 4,
    "location": "Bridgetown, Barbados",
    "minimumStartDelay": 3,
    "startTime": 60,
    "fee": 0.0001,
    "prizePool": 0.00036,
    "type": "Automatic",
    "group": 3,
    "unlimitPO": "Yes"
  },
  {
    "name": "Timed Trail",
    "peckingOrder": "S,A,B,C,D,E",
    "terrain": "Rock",
    "distance": 140,
    "maxCapacity": 4,
    "location": "Denizli, Turkey",
    "minimumStartDelay": 3,
    "startTime": 60,
    "fee": 0.0001,
    "prizePool": 0.00036,
    "type": "Automatic",
    "group": 3,
    "unlimitPO": "Yes"
  },
  {
    "name": "South American Medal",
    "peckingOrder": "S,A,B,C,D,E",
    "terrain": "Rock",
    "distance": 180,
    "maxCapacity": 4,
    "location": "Caracas, Venezuela",
    "minimumStartDelay": 3,
    "startTime": 60,
    "fee": 0.0001,
    "prizePool": 0.00036,
    "type": "Automatic",
    "group": 3,
    "unlimitPO": "Yes"
  },
  {
    "name": "The Bronze Sprint",
    "peckingOrder": "S,A,B,C,D,E",
    "terrain": "Sand",
    "distance": 100,
    "maxCapacity": 4,
    "location": "Gold Rock Beach, Bahamas",
    "minimumStartDelay": 3,
    "startTime": 60,
    "fee": 0.0001,
    "prizePool": 0.00036,
    "type": "Automatic",
    "group": 3,
    "unlimitPO": "Yes"
  },
  {
    "name": "Zacharias Task",
    "peckingOrder": "S,A,B,C,D,E",
    "terrain": "Sand",
    "distance": 160,
    "maxCapacity": 4,
    "location": "Denigomodu, Nauru",
    "minimumStartDelay": 3,
    "startTime": 60,
    "fee": 0.0001,
    "prizePool": 0.00036,
    "type": "Automatic",
    "group": 3,
    "unlimitPO": "Yes"
  },
  {
    "name": "Desert Dance",
    "peckingOrder": "S,A,B,C,D,E",
    "terrain": "Sand",
    "distance": 200,
    "maxCapacity": 4,
    "location": "Gao, Mali",
    "minimumStartDelay": 3,
    "startTime": 60,
    "fee": 0.0001,
    "prizePool": 0.00036,
    "type": "Automatic",
    "group": 3,
    "unlimitPO": "Yes"
  },
  {
    "name": "Snow Test",
    "peckingOrder": "S,A,B,C,D,E",
    "terrain": "Snow",
    "distance": 120,
    "maxCapacity": 4,
    "location": "Bulguksa, South Korea",
    "minimumStartDelay": 3,
    "startTime": 60,
    "fee": 0.0001,
    "prizePool": 0.00036,
    "type": "Automatic",
    "group": 3,
    "unlimitPO": "Yes"
  },
  {
    "name": "Novice Derby",
    "peckingOrder": "S,A,B,C,D,E",
    "terrain": "Snow",
    "distance": 140,
    "maxCapacity": 4,
    "location": "Tallinn, Estonia",
    "minimumStartDelay": 3,
    "startTime": 60,
    "fee": 0.0001,
    "prizePool": 0.00036,
    "type": "Automatic",
    "group": 3,
    "unlimitPO": "Yes"
  },
  {
    "name": "Downhill Dance",
    "peckingOrder": "S,A,B,C,D,E",
    "terrain": "Snow",
    "distance": 200,
    "maxCapacity": 4,
    "location": "Thun, Switzerland",
    "minimumStartDelay": 3,
    "startTime": 60,
    "fee": 0.0001,
    "prizePool": 0.00036,
    "type": "Automatic",
    "group": 3,
    "unlimitPO": "Yes"
  },
  {
    "name": "100 Dash",
    "peckingOrder": "S,A,B,C,D,E",
    "terrain": "Track",
    "distance": 100,
    "maxCapacity": 4,
    "location": "Kingston, Jamaica",
    "minimumStartDelay": 3,
    "startTime": 60,
    "fee": 0.0001,
    "prizePool": 0.00036,
    "type": "Automatic",
    "group": 3,
    "unlimitPO": "Yes"
  },
  {
    "name": "National Stadium Catch",
    "peckingOrder": "S,A,B,C,D,E",
    "terrain": "Track",
    "distance": 160,
    "maxCapacity": 4,
    "location": "Tokyo, Japan",
    "minimumStartDelay": 3,
    "startTime": 60,
    "fee": 0.0001,
    "prizePool": 0.00036,
    "type": "Automatic",
    "group": 3,
    "unlimitPO": "Yes"
  },
  {
    "name": "University Wash",
    "peckingOrder": "S,A,B,C,D,E",
    "terrain": "Track",
    "distance": 200,
    "maxCapacity": 4,
    "location": "Gaborone, Botswana",
    "minimumStartDelay": 3,
    "startTime": 60,
    "fee": 0.0001,
    "prizePool": 0.00036,
    "type": "Automatic",
    "group": 3,
    "unlimitPO": "Yes"
  },
  {
    "name": "Medieval Mud",
    "peckingOrder": "S,A,B,C,D,E",
    "terrain": "Dirt",
    "distance": 120,
    "maxCapacity": 8,
    "location": "Lucerne, Switzerland",
    "minimumStartDelay": 3,
    "startTime": 60,
    "fee": 0.0001,
    "prizePool": 0.00072,
    "type": "Automatic",
    "group": 4,
    "unlimitPO": "Yes"
  },
  {
    "name": "Lake Trudge",
    "peckingOrder": "S,A,B,C,D,E",
    "terrain": "Dirt",
    "distance": 140,
    "maxCapacity": 8,
    "location": "Erie, USA",
    "minimumStartDelay": 3,
    "startTime": 60,
    "fee": 0.0001,
    "prizePool": 0.00072,
    "type": "Automatic",
    "group": 4,
    "unlimitPO": "Yes"
  },
  {
    "name": "Tender Chicken",
    "peckingOrder": "S,A,B,C,D,E",
    "terrain": "Dirt",
    "distance": 200,
    "maxCapacity": 8,
    "location": "Mt. Vesuvius, Italy",
    "minimumStartDelay": 3,
    "startTime": 60,
    "fee": 0.0001,
    "prizePool": 0.00072,
    "type": "Automatic",
    "group": 4,
    "unlimitPO": "Yes"
  },
  {
    "name": "Pacific Tide",
    "peckingOrder": "S,A,B,C,D,E",
    "terrain": "Grass",
    "distance": 120,
    "maxCapacity": 8,
    "location": "Romanum, Micronesia",
    "minimumStartDelay": 3,
    "startTime": 60,
    "fee": 0.0001,
    "prizePool": 0.00072,
    "type": "Automatic",
    "group": 4,
    "unlimitPO": "Yes"
  },
  {
    "name": "Grass Trial",
    "peckingOrder": "S,A,B,C,D,E",
    "terrain": "Grass",
    "distance": 140,
    "maxCapacity": 8,
    "location": "Chişinău, Moldova",
    "minimumStartDelay": 3,
    "startTime": 60,
    "fee": 0.0001,
    "prizePool": 0.00072,
    "type": "Automatic",
    "group": 4,
    "unlimitPO": "Yes"
  },
  {
    "name": "City Cross",
    "peckingOrder": "S,A,B,C,D,E",
    "terrain": "Grass",
    "distance": 180,
    "maxCapacity": 8,
    "location": "Antananarivo, Madagascar",
    "minimumStartDelay": 3,
    "startTime": 60,
    "fee": 0.0001,
    "prizePool": 0.00072,
    "type": "Automatic",
    "group": 4,
    "unlimitPO": "Yes"
  },
  {
    "name": "Pauper's Peck",
    "peckingOrder": "S,A,B,C,D,E",
    "terrain": "Road",
    "distance": 100,
    "maxCapacity": 8,
    "location": "Port-au-Prince, Haiti",
    "minimumStartDelay": 3,
    "startTime": 60,
    "fee": 0.0001,
    "prizePool": 0.00072,
    "type": "Automatic",
    "group": 4,
    "unlimitPO": "Yes"
  },
  {
    "name": "China Trial",
    "peckingOrder": "S,A,B,C,D,E",
    "terrain": "Road",
    "distance": 160,
    "maxCapacity": 8,
    "location": "Chongqing, China",
    "minimumStartDelay": 3,
    "startTime": 60,
    "fee": 0.0001,
    "prizePool": 0.00072,
    "type": "Automatic",
    "group": 4,
    "unlimitPO": "Yes"
  },
  {
    "name": "Secretary 's Wash",
    "peckingOrder": "S,A,B,C,D,E",
    "terrain": "Road",
    "distance": 180,
    "maxCapacity": 8,
    "location": "Granada, Nicaragua",
    "minimumStartDelay": 3,
    "startTime": 60,
    "fee": 0.0001,
    "prizePool": 0.00072,
    "type": "Automatic",
    "group": 4,
    "unlimitPO": "Yes"
  },
  {
    "name": "City Rock",
    "peckingOrder": "S,A,B,C,D,E",
    "terrain": "Rock",
    "distance": 100,
    "maxCapacity": 8,
    "location": "Nicosia, Cyprus",
    "minimumStartDelay": 3,
    "startTime": 60,
    "fee": 0.0001,
    "prizePool": 0.00072,
    "type": "Automatic",
    "group": 4,
    "unlimitPO": "Yes"
  },
  {
    "name": "Uluru Trail",
    "peckingOrder": "S,A,B,C,D,E",
    "terrain": "Rock",
    "distance": 160,
    "maxCapacity": 8,
    "location": "Uluru, Australia",
    "minimumStartDelay": 3,
    "startTime": 60,
    "fee": 0.0001,
    "prizePool": 0.00072,
    "type": "Automatic",
    "group": 4,
    "unlimitPO": "Yes"
  },
  {
    "name": "The Short Climb",
    "peckingOrder": "S,A,B,C,D,E",
    "terrain": "Rock",
    "distance": 200,
    "maxCapacity": 8,
    "location": "Naryn, Kyrgyzstan",
    "minimumStartDelay": 3,
    "startTime": 60,
    "fee": 0.0001,
    "prizePool": 0.00072,
    "type": "Automatic",
    "group": 4,
    "unlimitPO": "Yes"
  },
  {
    "name": "Blaauwberg 120 - Practice",
    "peckingOrder": "S,A,B,C,D,E",
    "terrain": "Sand",
    "distance": 120,
    "maxCapacity": 8,
    "location": "Cape Town, South Africa",
    "minimumStartDelay": 3,
    "startTime": 60,
    "fee": 0.0001,
    "prizePool": 0.00072,
    "type": "Automatic",
    "group": 4,
    "unlimitPO": "Yes"
  },
  {
    "name": "Mayor's Pass",
    "peckingOrder": "S,A,B,C,D,E",
    "terrain": "Sand",
    "distance": 140,
    "maxCapacity": 8,
    "location": "Auckland, New Zealand",
    "minimumStartDelay": 3,
    "startTime": 60,
    "fee": 0.0001,
    "prizePool": 0.00072,
    "type": "Automatic",
    "group": 4,
    "unlimitPO": "Yes"
  },
  {
    "name": "Mum's Marathon",
    "peckingOrder": "S,A,B,C,D,E",
    "terrain": "Sand",
    "distance": 180,
    "maxCapacity": 8,
    "location": "Margate, UK",
    "minimumStartDelay": 3,
    "startTime": 60,
    "fee": 0.0001,
    "prizePool": 0.00072,
    "type": "Automatic",
    "group": 4,
    "unlimitPO": "Yes"
  },
  {
    "name": "100 Local",
    "peckingOrder": "S,A,B,C,D,E",
    "terrain": "Snow",
    "distance": 100,
    "maxCapacity": 8,
    "location": "Nuuk, Greenland",
    "minimumStartDelay": 3,
    "startTime": 60,
    "fee": 0.0001,
    "prizePool": 0.00072,
    "type": "Automatic",
    "group": 4,
    "unlimitPO": "Yes"
  },
  {
    "name": "Mokhotlong Minute",
    "peckingOrder": "S,A,B,C,D,E",
    "terrain": "Snow",
    "distance": 160,
    "maxCapacity": 8,
    "location": "Mokhotlong, Lesotho",
    "minimumStartDelay": 3,
    "startTime": 60,
    "fee": 0.0001,
    "prizePool": 0.00072,
    "type": "Automatic",
    "group": 4,
    "unlimitPO": "Yes"
  },
  {
    "name": "Whitby Way",
    "peckingOrder": "S,A,B,C,D,E",
    "terrain": "Snow",
    "distance": 180,
    "maxCapacity": 8,
    "location": "Whitby, Canada",
    "minimumStartDelay": 3,
    "startTime": 60,
    "fee": 0.0001,
    "prizePool": 0.00072,
    "type": "Automatic",
    "group": 4,
    "unlimitPO": "Yes"
  },
  {
    "name": "Course De Poussins",
    "peckingOrder": "S,A,B,C,D,E",
    "terrain": "Track",
    "distance": 120,
    "maxCapacity": 8,
    "location": "Paris, France",
    "minimumStartDelay": 3,
    "startTime": 60,
    "fee": 0.0001,
    "prizePool": 0.00072,
    "type": "Automatic",
    "group": 4,
    "unlimitPO": "Yes"
  },
  {
    "name": "The Big One Forty",
    "peckingOrder": "S,A,B,C,D,E",
    "terrain": "Track",
    "distance": 140,
    "maxCapacity": 8,
    "location": "Itu, Brazil",
    "minimumStartDelay": 3,
    "startTime": 60,
    "fee": 0.0001,
    "prizePool": 0.00072,
    "type": "Automatic",
    "group": 4,
    "unlimitPO": "Yes"
  },
  {
    "name": "Cuxibamba Track",
    "peckingOrder": "S,A,B,C,D,E",
    "terrain": "Track",
    "distance": 180,
    "maxCapacity": 8,
    "location": "Loja, Ecuador",
    "minimumStartDelay": 3,
    "startTime": 60,
    "fee": 0.0001,
    "prizePool": 0.00072,
    "type": "Automatic",
    "group": 4,
    "unlimitPO": "Yes"
  },
  {
    "name": "Valentine Chase",
    "peckingOrder": "S,A,B,C,D,E",
    "terrain": "Dirt",
    "distance": 100,
    "maxCapacity": 8,
    "location": "Capiatá, Paraguay",
    "minimumStartDelay": 3,
    "startTime": 60,
    "fee": 0.0001,
    "prizePool": 0.00072,
    "type": "Automatic",
    "group": 4,
    "unlimitPO": "Yes"
  },
  {
    "name": "Little 160",
    "peckingOrder": "S,A,B,C,D,E",
    "terrain": "Dirt",
    "distance": 160,
    "maxCapacity": 8,
    "location": "Vienna, Austria",
    "minimumStartDelay": 3,
    "startTime": 60,
    "fee": 0.0001,
    "prizePool": 0.00072,
    "type": "Automatic",
    "group": 4,
    "unlimitPO": "Yes"
  },
  {
    "name": "Mahalakshmi Cross",
    "peckingOrder": "S,A,B,C,D,E",
    "terrain": "Dirt",
    "distance": 180,
    "maxCapacity": 8,
    "location": "Mumbai, India",
    "minimumStartDelay": 3,
    "startTime": 60,
    "fee": 0.0001,
    "prizePool": 0.00072,
    "type": "Automatic",
    "group": 4,
    "unlimitPO": "Yes"
  },
  {
    "name": "Taipei Sprint",
    "peckingOrder": "S,A,B,C,D,E",
    "terrain": "Grass",
    "distance": 100,
    "maxCapacity": 8,
    "location": "Taipei, Taiwan",
    "minimumStartDelay": 3,
    "startTime": 60,
    "fee": 0.0001,
    "prizePool": 0.00072,
    "type": "Automatic",
    "group": 4,
    "unlimitPO": "Yes"
  },
  {
    "name": "Žolė Lenktynės",
    "peckingOrder": "S,A,B,C,D,E",
    "terrain": "Grass",
    "distance": 160,
    "maxCapacity": 8,
    "location": "Vilnius, Lithuania",
    "minimumStartDelay": 3,
    "startTime": 60,
    "fee": 0.0001,
    "prizePool": 0.00072,
    "type": "Automatic",
    "group": 4,
    "unlimitPO": "Yes"
  },
  {
    "name": "Jardim Gate",
    "peckingOrder": "S,A,B,C,D,E",
    "terrain": "Grass",
    "distance": 200,
    "maxCapacity": 8,
    "location": "Dili, Timor-Leste",
    "minimumStartDelay": 3,
    "startTime": 60,
    "fee": 0.0001,
    "prizePool": 0.00072,
    "type": "Automatic",
    "group": 4,
    "unlimitPO": "Yes"
  },
  {
    "name": "Starý Most Beginners Cross",
    "peckingOrder": "S,A,B,C,D,E",
    "terrain": "Road",
    "distance": 120,
    "maxCapacity": 8,
    "location": "Bratislava, Slovakia",
    "minimumStartDelay": 3,
    "startTime": 60,
    "fee": 0.0001,
    "prizePool": 0.00072,
    "type": "Automatic",
    "group": 4,
    "unlimitPO": "Yes"
  },
  {
    "name": "Mexico City Meet",
    "peckingOrder": "S,A,B,C,D,E",
    "terrain": "Road",
    "distance": 140,
    "maxCapacity": 8,
    "location": "Mexico City, Mexico",
    "minimumStartDelay": 3,
    "startTime": 60,
    "fee": 0.0001,
    "prizePool": 0.00072,
    "type": "Automatic",
    "group": 4,
    "unlimitPO": "Yes"
  },
  {
    "name": "Beginners Marathon",
    "peckingOrder": "S,A,B,C,D,E",
    "terrain": "Road",
    "distance": 200,
    "maxCapacity": 8,
    "location": "Yokohama, Japan",
    "minimumStartDelay": 3,
    "startTime": 60,
    "fee": 0.0001,
    "prizePool": 0.00072,
    "type": "Automatic",
    "group": 4,
    "unlimitPO": "Yes"
  },
  {
    "name": "Barbados Break",
    "peckingOrder": "S,A,B,C,D,E",
    "terrain": "Rock",
    "distance": 120,
    "maxCapacity": 8,
    "location": "Bridgetown, Barbados",
    "minimumStartDelay": 3,
    "startTime": 60,
    "fee": 0.0001,
    "prizePool": 0.00072,
    "type": "Automatic",
    "group": 4,
    "unlimitPO": "Yes"
  },
  {
    "name": "Timed Trail",
    "peckingOrder": "S,A,B,C,D,E",
    "terrain": "Rock",
    "distance": 140,
    "maxCapacity": 8,
    "location": "Denizli, Turkey",
    "minimumStartDelay": 3,
    "startTime": 60,
    "fee": 0.0001,
    "prizePool": 0.00072,
    "type": "Automatic",
    "group": 4,
    "unlimitPO": "Yes"
  },
  {
    "name": "South American Medal",
    "peckingOrder": "S,A,B,C,D,E",
    "terrain": "Rock",
    "distance": 180,
    "maxCapacity": 8,
    "location": "Caracas, Venezuela",
    "minimumStartDelay": 3,
    "startTime": 60,
    "fee": 0.0001,
    "prizePool": 0.00072,
    "type": "Automatic",
    "group": 4,
    "unlimitPO": "Yes"
  },
  {
    "name": "The Bronze Sprint",
    "peckingOrder": "S,A,B,C,D,E",
    "terrain": "Sand",
    "distance": 100,
    "maxCapacity": 8,
    "location": "Gold Rock Beach, Bahamas",
    "minimumStartDelay": 3,
    "startTime": 60,
    "fee": 0.0001,
    "prizePool": 0.00072,
    "type": "Automatic",
    "group": 4,
    "unlimitPO": "Yes"
  },
  {
    "name": "Zacharias Task",
    "peckingOrder": "S,A,B,C,D,E",
    "terrain": "Sand",
    "distance": 160,
    "maxCapacity": 8,
    "location": "Denigomodu, Nauru",
    "minimumStartDelay": 3,
    "startTime": 60,
    "fee": 0.0001,
    "prizePool": 0.00072,
    "type": "Automatic",
    "group": 4,
    "unlimitPO": "Yes"
  },
  {
    "name": "Desert Dance",
    "peckingOrder": "S,A,B,C,D,E",
    "terrain": "Sand",
    "distance": 200,
    "maxCapacity": 8,
    "location": "Gao, Mali",
    "minimumStartDelay": 3,
    "startTime": 60,
    "fee": 0.0001,
    "prizePool": 0.00072,
    "type": "Automatic",
    "group": 4,
    "unlimitPO": "Yes"
  },
  {
    "name": "Snow Test",
    "peckingOrder": "S,A,B,C,D,E",
    "terrain": "Snow",
    "distance": 120,
    "maxCapacity": 8,
    "location": "Bulguksa, South Korea",
    "minimumStartDelay": 3,
    "startTime": 60,
    "fee": 0.0001,
    "prizePool": 0.00072,
    "type": "Automatic",
    "group": 4,
    "unlimitPO": "Yes"
  },
  {
    "name": "Novice Derby",
    "peckingOrder": "S,A,B,C,D,E",
    "terrain": "Snow",
    "distance": 140,
    "maxCapacity": 8,
    "location": "Tallinn, Estonia",
    "minimumStartDelay": 3,
    "startTime": 60,
    "fee": 0.0001,
    "prizePool": 0.00072,
    "type": "Automatic",
    "group": 4,
    "unlimitPO": "Yes"
  },
  {
    "name": "Downhill Dance",
    "peckingOrder": "S,A,B,C,D,E",
    "terrain": "Snow",
    "distance": 200,
    "maxCapacity": 8,
    "location": "Thun, Switzerland",
    "minimumStartDelay": 3,
    "startTime": 60,
    "fee": 0.0001,
    "prizePool": 0.00072,
    "type": "Automatic",
    "group": 4,
    "unlimitPO": "Yes"
  },
  {
    "name": "100 Dash",
    "peckingOrder": "S,A,B,C,D,E",
    "terrain": "Track",
    "distance": 100,
    "maxCapacity": 8,
    "location": "Kingston, Jamaica",
    "minimumStartDelay": 3,
    "startTime": 60,
    "fee": 0.0001,
    "prizePool": 0.00072,
    "type": "Automatic",
    "group": 4,
    "unlimitPO": "Yes"
  },
  {
    "name": "National Stadium Catch",
    "peckingOrder": "S,A,B,C,D,E",
    "terrain": "Track",
    "distance": 160,
    "maxCapacity": 8,
    "location": "Tokyo, Japan",
    "minimumStartDelay": 3,
    "startTime": 60,
    "fee": 0.0001,
    "prizePool": 0.00072,
    "type": "Automatic",
    "group": 4,
    "unlimitPO": "Yes"
  },
  {
    "name": "University Wash",
    "peckingOrder": "S,A,B,C,D,E",
    "terrain": "Track",
    "distance": 200,
    "maxCapacity": 8,
    "location": "Gaborone, Botswana",
    "minimumStartDelay": 3,
    "startTime": 60,
    "fee": 0.0001,
    "prizePool": 0.00072,
    "type": "Automatic",
    "group": 4,
    "unlimitPO": "Yes"
  },
  {
    "name": "Capiatá Free",
    "peckingOrder": "S,A,B,C,D,E",
    "terrain": "Dirt",
    "distance": 100,
    "maxCapacity": 12,
    "location": "Capiatá, Paraguay",
    "minimumStartDelay": 3,
    "startTime": 30,
    "fee": 0,
    "prizePool": 0,
    "type": "Automatic",
    "group": 5,
    "unlimitPO": "No"
  },
  {
    "name": "Asheville Free",
    "peckingOrder": "S,A,B,C,D,E",
    "terrain": "Dirt",
    "distance": 120,
    "maxCapacity": 12,
    "location": "Asheville, USA",
    "minimumStartDelay": 3,
    "startTime": 30,
    "fee": 0,
    "prizePool": 0,
    "type": "Automatic",
    "group": 5,
    "unlimitPO": "No"
  },
  {
    "name": "Salento Free",
    "peckingOrder": "S,A,B,C,D,E",
    "terrain": "Dirt",
    "distance": 140,
    "maxCapacity": 12,
    "location": "Salento, Colombia",
    "minimumStartDelay": 3,
    "startTime": 30,
    "fee": 0,
    "prizePool": 0,
    "type": "Automatic",
    "group": 5,
    "unlimitPO": "No"
  },
  {
    "name": "Merrittville Free",
    "peckingOrder": "S,A,B,C,D,E",
    "terrain": "Dirt",
    "distance": 160,
    "maxCapacity": 12,
    "location": "Merrittville, Canada",
    "minimumStartDelay": 3,
    "startTime": 30,
    "fee": 0,
    "prizePool": 0,
    "type": "Automatic",
    "group": 5,
    "unlimitPO": "No"
  },
  {
    "name": "Plovdiv Free",
    "peckingOrder": "S,A,B,C,D,E",
    "terrain": "Dirt",
    "distance": 180,
    "maxCapacity": 12,
    "location": "Plovdiv, Bulgaria",
    "minimumStartDelay": 3,
    "startTime": 30,
    "fee": 0,
    "prizePool": 0,
    "type": "Automatic",
    "group": 5,
    "unlimitPO": "No"
  },
  {
    "name": "Porto-Novo Free",
    "peckingOrder": "S,A,B,C,D,E",
    "terrain": "Dirt",
    "distance": 200,
    "maxCapacity": 12,
    "location": "Porto-Novo, Benin",
    "minimumStartDelay": 3,
    "startTime": 30,
    "fee": 0,
    "prizePool": 0,
    "type": "Automatic",
    "group": 5,
    "unlimitPO": "No"
  },
  {
    "name": "Malabo Free",
    "peckingOrder": "S,A,B,C,D,E",
    "terrain": "Grass",
    "distance": 100,
    "maxCapacity": 12,
    "location": "Malabo, Equatorial Guinea",
    "minimumStartDelay": 3,
    "startTime": 30,
    "fee": 0,
    "prizePool": 0,
    "type": "Automatic",
    "group": 5,
    "unlimitPO": "No"
  },
  {
    "name": "Romanum Free",
    "peckingOrder": "S,A,B,C,D,E",
    "terrain": "Grass",
    "distance": 120,
    "maxCapacity": 12,
    "location": "Romanum, Micronesia",
    "minimumStartDelay": 3,
    "startTime": 30,
    "fee": 0,
    "prizePool": 0,
    "type": "Automatic",
    "group": 5,
    "unlimitPO": "No"
  },
  {
    "name": "Ulaanbaatar Free",
    "peckingOrder": "S,A,B,C,D,E",
    "terrain": "Grass",
    "distance": 140,
    "maxCapacity": 12,
    "location": "Ulaanbaatar, Mongolia",
    "minimumStartDelay": 3,
    "startTime": 30,
    "fee": 0,
    "prizePool": 0,
    "type": "Automatic",
    "group": 5,
    "unlimitPO": "No"
  },
  {
    "name": "Paramaribo Free",
    "peckingOrder": "S,A,B,C,D,E",
    "terrain": "Grass",
    "distance": 160,
    "maxCapacity": 12,
    "location": "Paramaribo, Suriname",
    "minimumStartDelay": 3,
    "startTime": 30,
    "fee": 0,
    "prizePool": 0,
    "type": "Automatic",
    "group": 5,
    "unlimitPO": "No"
  },
  {
    "name": "Phonsavan Free",
    "peckingOrder": "S,A,B,C,D,E",
    "terrain": "Grass",
    "distance": 180,
    "maxCapacity": 12,
    "location": "Phonsavan, Laos",
    "minimumStartDelay": 3,
    "startTime": 30,
    "fee": 0,
    "prizePool": 0,
    "type": "Automatic",
    "group": 5,
    "unlimitPO": "No"
  },
  {
    "name": "Athens Free",
    "peckingOrder": "S,A,B,C,D,E",
    "terrain": "Grass",
    "distance": 200,
    "maxCapacity": 12,
    "location": "Athens, Greece",
    "minimumStartDelay": 3,
    "startTime": 30,
    "fee": 0,
    "prizePool": 0,
    "type": "Automatic",
    "group": 5,
    "unlimitPO": "No"
  },
  {
    "name": "Amsterdam Free",
    "peckingOrder": "S,A,B,C,D,E",
    "terrain": "Road",
    "distance": 100,
    "maxCapacity": 12,
    "location": "Amsterdam, Netherlands",
    "minimumStartDelay": 3,
    "startTime": 30,
    "fee": 0,
    "prizePool": 0,
    "type": "Automatic",
    "group": 5,
    "unlimitPO": "No"
  },
  {
    "name": "Asitey Free",
    "peckingOrder": "S,A,B,C,D,E",
    "terrain": "Road",
    "distance": 120,
    "maxCapacity": 12,
    "location": "Asitey, Ghana",
    "minimumStartDelay": 3,
    "startTime": 30,
    "fee": 0,
    "prizePool": 0,
    "type": "Automatic",
    "group": 5,
    "unlimitPO": "No"
  },
  {
    "name": "Los Angeles Free",
    "peckingOrder": "S,A,B,C,D,E",
    "terrain": "Road",
    "distance": 140,
    "maxCapacity": 12,
    "location": "Los Angeles, USA",
    "minimumStartDelay": 3,
    "startTime": 30,
    "fee": 0,
    "prizePool": 0,
    "type": "Automatic",
    "group": 5,
    "unlimitPO": "No"
  },
  {
    "name": "Chongqing Free",
    "peckingOrder": "S,A,B,C,D,E",
    "terrain": "Road",
    "distance": 160,
    "maxCapacity": 12,
    "location": "Chongqing, China",
    "minimumStartDelay": 3,
    "startTime": 30,
    "fee": 0,
    "prizePool": 0,
    "type": "Automatic",
    "group": 5,
    "unlimitPO": "No"
  },
  {
    "name": "Granada Free",
    "peckingOrder": "S,A,B,C,D,E",
    "terrain": "Road",
    "distance": 180,
    "maxCapacity": 12,
    "location": "Granada, Nicaragua",
    "minimumStartDelay": 3,
    "startTime": 30,
    "fee": 0,
    "prizePool": 0,
    "type": "Automatic",
    "group": 5,
    "unlimitPO": "No"
  },
  {
    "name": "City of Manila Free",
    "peckingOrder": "S,A,B,C,D,E",
    "terrain": "Road",
    "distance": 200,
    "maxCapacity": 12,
    "location": "City of Manila, Philippines",
    "minimumStartDelay": 3,
    "startTime": 30,
    "fee": 0,
    "prizePool": 0,
    "type": "Automatic",
    "group": 5,
    "unlimitPO": "No"
  },
  {
    "name": "Nicosia Free",
    "peckingOrder": "S,A,B,C,D,E",
    "terrain": "Rock",
    "distance": 100,
    "maxCapacity": 12,
    "location": "Nicosia, Cyprus",
    "minimumStartDelay": 3,
    "startTime": 30,
    "fee": 0,
    "prizePool": 0,
    "type": "Automatic",
    "group": 5,
    "unlimitPO": "No"
  },
  {
    "name": "Córdoba Free",
    "peckingOrder": "S,A,B,C,D,E",
    "terrain": "Rock",
    "distance": 120,
    "maxCapacity": 12,
    "location": "Córdoba, Spain",
    "minimumStartDelay": 3,
    "startTime": 30,
    "fee": 0,
    "prizePool": 0,
    "type": "Automatic",
    "group": 5,
    "unlimitPO": "No"
  },
  {
    "name": "Denizli Free",
    "peckingOrder": "S,A,B,C,D,E",
    "terrain": "Rock",
    "distance": 140,
    "maxCapacity": 12,
    "location": "Denizli, Turkey",
    "minimumStartDelay": 3,
    "startTime": 30,
    "fee": 0,
    "prizePool": 0,
    "type": "Automatic",
    "group": 5,
    "unlimitPO": "No"
  },
  {
    "name": "Havana Free",
    "peckingOrder": "S,A,B,C,D,E",
    "terrain": "Rock",
    "distance": 160,
    "maxCapacity": 12,
    "location": "Havana, Cuba",
    "minimumStartDelay": 3,
    "startTime": 30,
    "fee": 0,
    "prizePool": 0,
    "type": "Automatic",
    "group": 5,
    "unlimitPO": "No"
  },
  {
    "name": "Ocotal Free",
    "peckingOrder": "S,A,B,C,D,E",
    "terrain": "Rock",
    "distance": 180,
    "maxCapacity": 12,
    "location": "Ocotal, Nicaragua",
    "minimumStartDelay": 3,
    "startTime": 30,
    "fee": 0,
    "prizePool": 0,
    "type": "Automatic",
    "group": 5,
    "unlimitPO": "No"
  },
  {
    "name": "Naryn Free",
    "peckingOrder": "S,A,B,C,D,E",
    "terrain": "Rock",
    "distance": 200,
    "maxCapacity": 12,
    "location": "Naryn, Kyrgyzstan",
    "minimumStartDelay": 3,
    "startTime": 30,
    "fee": 0,
    "prizePool": 0,
    "type": "Automatic",
    "group": 5,
    "unlimitPO": "No"
  },
  {
    "name": "Gold Rock Beach Free",
    "peckingOrder": "S,A,B,C,D,E",
    "terrain": "Sand",
    "distance": 100,
    "maxCapacity": 12,
    "location": "Gold Rock Beach, Bahamas",
    "minimumStartDelay": 3,
    "startTime": 30,
    "fee": 0,
    "prizePool": 0,
    "type": "Automatic",
    "group": 5,
    "unlimitPO": "No"
  },
  {
    "name": "Jerash Free",
    "peckingOrder": "S,A,B,C,D,E",
    "terrain": "Sand",
    "distance": 120,
    "maxCapacity": 12,
    "location": "Jerash, Jordan",
    "minimumStartDelay": 3,
    "startTime": 30,
    "fee": 0,
    "prizePool": 0,
    "type": "Automatic",
    "group": 5,
    "unlimitPO": "No"
  },
  {
    "name": "Praia de Galápos Free",
    "peckingOrder": "S,A,B,C,D,E",
    "terrain": "Sand",
    "distance": 140,
    "maxCapacity": 12,
    "location": "Praia de Galápos, Portugal",
    "minimumStartDelay": 3,
    "startTime": 30,
    "fee": 0,
    "prizePool": 0,
    "type": "Automatic",
    "group": 5,
    "unlimitPO": "No"
  },
  {
    "name": "Denigomodu Free",
    "peckingOrder": "S,A,B,C,D,E",
    "terrain": "Sand",
    "distance": 160,
    "maxCapacity": 12,
    "location": "Denigomodu, Nauru",
    "minimumStartDelay": 3,
    "startTime": 30,
    "fee": 0,
    "prizePool": 0,
    "type": "Automatic",
    "group": 5,
    "unlimitPO": "No"
  },
  {
    "name": "Floating City Free",
    "peckingOrder": "S,A,B,C,D,E",
    "terrain": "Sand",
    "distance": 180,
    "maxCapacity": 12,
    "location": "Floating City, Bahrain",
    "minimumStartDelay": 3,
    "startTime": 30,
    "fee": 0,
    "prizePool": 0,
    "type": "Automatic",
    "group": 5,
    "unlimitPO": "No"
  },
  {
    "name": "Pacific Harbour Free",
    "peckingOrder": "S,A,B,C,D,E",
    "terrain": "Sand",
    "distance": 200,
    "maxCapacity": 12,
    "location": "Pacific Harbour, Fiji",
    "minimumStartDelay": 3,
    "startTime": 30,
    "fee": 0,
    "prizePool": 0,
    "type": "Automatic",
    "group": 5,
    "unlimitPO": "No"
  },
  {
    "name": "Akureyri Free",
    "peckingOrder": "S,A,B,C,D,E",
    "terrain": "Snow",
    "distance": 100,
    "maxCapacity": 12,
    "location": "Akureyri, Iceland",
    "minimumStartDelay": 3,
    "startTime": 30,
    "fee": 0,
    "prizePool": 0,
    "type": "Automatic",
    "group": 5,
    "unlimitPO": "No"
  },
  {
    "name": "Quito Free",
    "peckingOrder": "S,A,B,C,D,E",
    "terrain": "Snow",
    "distance": 120,
    "maxCapacity": 12,
    "location": "Quito, Ecuador",
    "minimumStartDelay": 3,
    "startTime": 30,
    "fee": 0,
    "prizePool": 0,
    "type": "Automatic",
    "group": 5,
    "unlimitPO": "No"
  },
  {
    "name": "Helsinki Free",
    "peckingOrder": "S,A,B,C,D,E",
    "terrain": "Snow",
    "distance": 140,
    "maxCapacity": 12,
    "location": "Helsinki, Finland",
    "minimumStartDelay": 3,
    "startTime": 30,
    "fee": 0,
    "prizePool": 0,
    "type": "Automatic",
    "group": 5,
    "unlimitPO": "No"
  },
  {
    "name": "Ljubljana Free",
    "peckingOrder": "S,A,B,C,D,E",
    "terrain": "Snow",
    "distance": 160,
    "maxCapacity": 12,
    "location": "Ljubljana, Slovenia",
    "minimumStartDelay": 3,
    "startTime": 30,
    "fee": 0,
    "prizePool": 0,
    "type": "Automatic",
    "group": 5,
    "unlimitPO": "No"
  },
  {
    "name": "Matfors Free",
    "peckingOrder": "S,A,B,C,D,E",
    "terrain": "Snow",
    "distance": 180,
    "maxCapacity": 12,
    "location": "Matfors, Sweden",
    "minimumStartDelay": 3,
    "startTime": 30,
    "fee": 0,
    "prizePool": 0,
    "type": "Automatic",
    "group": 5,
    "unlimitPO": "No"
  },
  {
    "name": "Coyhaique Free",
    "peckingOrder": "S,A,B,C,D,E",
    "terrain": "Snow",
    "distance": 200,
    "maxCapacity": 12,
    "location": "Coyhaique, Chile",
    "minimumStartDelay": 3,
    "startTime": 30,
    "fee": 0,
    "prizePool": 0,
    "type": "Automatic",
    "group": 5,
    "unlimitPO": "No"
  },
  {
    "name": "Freetown Free",
    "peckingOrder": "S,A,B,C,D,E",
    "terrain": "Track",
    "distance": 100,
    "maxCapacity": 12,
    "location": "Freetown, Sierra Leone",
    "minimumStartDelay": 3,
    "startTime": 30,
    "fee": 0,
    "prizePool": 0,
    "type": "Automatic",
    "group": 5,
    "unlimitPO": "No"
  },
  {
    "name": "Bujumbura Free",
    "peckingOrder": "S,A,B,C,D,E",
    "terrain": "Track",
    "distance": 120,
    "maxCapacity": 12,
    "location": "Bujumbura, Burundi",
    "minimumStartDelay": 3,
    "startTime": 30,
    "fee": 0,
    "prizePool": 0,
    "type": "Automatic",
    "group": 5,
    "unlimitPO": "No"
  },
  {
    "name": "Mogilev Free",
    "peckingOrder": "S,A,B,C,D,E",
    "terrain": "Track",
    "distance": 140,
    "maxCapacity": 12,
    "location": "Mogilev, Belarus",
    "minimumStartDelay": 3,
    "startTime": 30,
    "fee": 0,
    "prizePool": 0,
    "type": "Automatic",
    "group": 5,
    "unlimitPO": "No"
  },
  {
    "name": "Oslo Free",
    "peckingOrder": "S,A,B,C,D,E",
    "terrain": "Track",
    "distance": 160,
    "maxCapacity": 12,
    "location": "Oslo, Norway",
    "minimumStartDelay": 3,
    "startTime": 30,
    "fee": 0,
    "prizePool": 0,
    "type": "Automatic",
    "group": 5,
    "unlimitPO": "No"
  },
  {
    "name": "Quatre Bornes Free",
    "peckingOrder": "S,A,B,C,D,E",
    "terrain": "Track",
    "distance": 180,
    "maxCapacity": 12,
    "location": "Quatre Bornes, Mauritius",
    "minimumStartDelay": 3,
    "startTime": 30,
    "fee": 0,
    "prizePool": 0,
    "type": "Automatic",
    "group": 5,
    "unlimitPO": "No"
  },
  {
    "name": "Gaborone Free",
    "peckingOrder": "S,A,B,C,D,E",
    "terrain": "Track",
    "distance": 200,
    "maxCapacity": 12,
    "location": "Gaborone, Botswana",
    "minimumStartDelay": 3,
    "startTime": 30,
    "fee": 0,
    "prizePool": 0,
    "type": "Automatic",
    "group": 5,
    "unlimitPO": "No"
  },
  {
    "name": "Capiatá Unlimited",
    "peckingOrder": "S,A,B,C,D,E",
    "terrain": "Dirt",
    "distance": 100,
    "maxCapacity": 12,
    "location": "Capiatá, Paraguay",
    "minimumStartDelay": 3,
    "startTime": 30,
    "fee": 0,
    "prizePool": 0,
    "type": "Automatic",
    "group": 6,
    "unlimitPO": "Yes"
  },
  {
    "name": "Asheville Unlimited",
    "peckingOrder": "S,A,B,C,D,E",
    "terrain": "Dirt",
    "distance": 120,
    "maxCapacity": 12,
    "location": "Asheville, USA",
    "minimumStartDelay": 3,
    "startTime": 30,
    "fee": 0,
    "prizePool": 0,
    "type": "Automatic",
    "group": 6,
    "unlimitPO": "Yes"
  },
  {
    "name": "Salento Unlimited",
    "peckingOrder": "S,A,B,C,D,E",
    "terrain": "Dirt",
    "distance": 140,
    "maxCapacity": 12,
    "location": "Salento, Colombia",
    "minimumStartDelay": 3,
    "startTime": 30,
    "fee": 0,
    "prizePool": 0,
    "type": "Automatic",
    "group": 6,
    "unlimitPO": "Yes"
  },
  {
    "name": "Merrittville Unlimited",
    "peckingOrder": "S,A,B,C,D,E",
    "terrain": "Dirt",
    "distance": 160,
    "maxCapacity": 12,
    "location": "Merrittville, Canada",
    "minimumStartDelay": 3,
    "startTime": 30,
    "fee": 0,
    "prizePool": 0,
    "type": "Automatic",
    "group": 6,
    "unlimitPO": "Yes"
  },
  {
    "name": "Plovdiv Unlimited",
    "peckingOrder": "S,A,B,C,D,E",
    "terrain": "Dirt",
    "distance": 180,
    "maxCapacity": 12,
    "location": "Plovdiv, Bulgaria",
    "minimumStartDelay": 3,
    "startTime": 30,
    "fee": 0,
    "prizePool": 0,
    "type": "Automatic",
    "group": 6,
    "unlimitPO": "Yes"
  },
  {
    "name": "Porto-Novo Unlimited",
    "peckingOrder": "S,A,B,C,D,E",
    "terrain": "Dirt",
    "distance": 200,
    "maxCapacity": 12,
    "location": "Porto-Novo, Benin",
    "minimumStartDelay": 3,
    "startTime": 30,
    "fee": 0,
    "prizePool": 0,
    "type": "Automatic",
    "group": 6,
    "unlimitPO": "Yes"
  },
  {
    "name": "Malabo Unlimited",
    "peckingOrder": "S,A,B,C,D,E",
    "terrain": "Grass",
    "distance": 100,
    "maxCapacity": 12,
    "location": "Malabo, Equatorial Guinea",
    "minimumStartDelay": 3,
    "startTime": 30,
    "fee": 0,
    "prizePool": 0,
    "type": "Automatic",
    "group": 6,
    "unlimitPO": "Yes"
  },
  {
    "name": "Romanum Unlimited",
    "peckingOrder": "S,A,B,C,D,E",
    "terrain": "Grass",
    "distance": 120,
    "maxCapacity": 12,
    "location": "Romanum, Micronesia",
    "minimumStartDelay": 3,
    "startTime": 30,
    "fee": 0,
    "prizePool": 0,
    "type": "Automatic",
    "group": 6,
    "unlimitPO": "Yes"
  },
  {
    "name": "Ulaanbaatar Unlimited",
    "peckingOrder": "S,A,B,C,D,E",
    "terrain": "Grass",
    "distance": 140,
    "maxCapacity": 12,
    "location": "Ulaanbaatar, Mongolia",
    "minimumStartDelay": 3,
    "startTime": 30,
    "fee": 0,
    "prizePool": 0,
    "type": "Automatic",
    "group": 6,
    "unlimitPO": "Yes"
  },
  {
    "name": "Paramaribo Unlimited",
    "peckingOrder": "S,A,B,C,D,E",
    "terrain": "Grass",
    "distance": 160,
    "maxCapacity": 12,
    "location": "Paramaribo, Suriname",
    "minimumStartDelay": 3,
    "startTime": 30,
    "fee": 0,
    "prizePool": 0,
    "type": "Automatic",
    "group": 6,
    "unlimitPO": "Yes"
  },
  {
    "name": "Phonsavan Unlimited",
    "peckingOrder": "S,A,B,C,D,E",
    "terrain": "Grass",
    "distance": 180,
    "maxCapacity": 12,
    "location": "Phonsavan, Laos",
    "minimumStartDelay": 3,
    "startTime": 30,
    "fee": 0,
    "prizePool": 0,
    "type": "Automatic",
    "group": 6,
    "unlimitPO": "Yes"
  },
  {
    "name": "Athens Unlimited",
    "peckingOrder": "S,A,B,C,D,E",
    "terrain": "Grass",
    "distance": 200,
    "maxCapacity": 12,
    "location": "Athens, Greece",
    "minimumStartDelay": 3,
    "startTime": 30,
    "fee": 0,
    "prizePool": 0,
    "type": "Automatic",
    "group": 6,
    "unlimitPO": "Yes"
  },
  {
    "name": "Amsterdam Unlimited",
    "peckingOrder": "S,A,B,C,D,E",
    "terrain": "Road",
    "distance": 100,
    "maxCapacity": 12,
    "location": "Amsterdam, Netherlands",
    "minimumStartDelay": 3,
    "startTime": 30,
    "fee": 0,
    "prizePool": 0,
    "type": "Automatic",
    "group": 6,
    "unlimitPO": "Yes"
  },
  {
    "name": "Asitey Unlimited",
    "peckingOrder": "S,A,B,C,D,E",
    "terrain": "Road",
    "distance": 120,
    "maxCapacity": 12,
    "location": "Asitey, Ghana",
    "minimumStartDelay": 3,
    "startTime": 30,
    "fee": 0,
    "prizePool": 0,
    "type": "Automatic",
    "group": 6,
    "unlimitPO": "Yes"
  },
  {
    "name": "Los Angeles Unlimited",
    "peckingOrder": "S,A,B,C,D,E",
    "terrain": "Road",
    "distance": 140,
    "maxCapacity": 12,
    "location": "Los Angeles, USA",
    "minimumStartDelay": 3,
    "startTime": 30,
    "fee": 0,
    "prizePool": 0,
    "type": "Automatic",
    "group": 6,
    "unlimitPO": "Yes"
  },
  {
    "name": "Chongqing Unlimited",
    "peckingOrder": "S,A,B,C,D,E",
    "terrain": "Road",
    "distance": 160,
    "maxCapacity": 12,
    "location": "Chongqing, China",
    "minimumStartDelay": 3,
    "startTime": 30,
    "fee": 0,
    "prizePool": 0,
    "type": "Automatic",
    "group": 6,
    "unlimitPO": "Yes"
  },
  {
    "name": "Granada Unlimited",
    "peckingOrder": "S,A,B,C,D,E",
    "terrain": "Road",
    "distance": 180,
    "maxCapacity": 12,
    "location": "Granada, Nicaragua",
    "minimumStartDelay": 3,
    "startTime": 30,
    "fee": 0,
    "prizePool": 0,
    "type": "Automatic",
    "group": 6,
    "unlimitPO": "Yes"
  },
  {
    "name": "City of Manila Unlimited",
    "peckingOrder": "S,A,B,C,D,E",
    "terrain": "Road",
    "distance": 200,
    "maxCapacity": 12,
    "location": "City of Manila, Philippines",
    "minimumStartDelay": 3,
    "startTime": 30,
    "fee": 0,
    "prizePool": 0,
    "type": "Automatic",
    "group": 6,
    "unlimitPO": "Yes"
  },
  {
    "name": "Nicosia Unlimited",
    "peckingOrder": "S,A,B,C,D,E",
    "terrain": "Rock",
    "distance": 100,
    "maxCapacity": 12,
    "location": "Nicosia, Cyprus",
    "minimumStartDelay": 3,
    "startTime": 30,
    "fee": 0,
    "prizePool": 0,
    "type": "Automatic",
    "group": 6,
    "unlimitPO": "Yes"
  },
  {
    "name": "Córdoba Unlimited",
    "peckingOrder": "S,A,B,C,D,E",
    "terrain": "Rock",
    "distance": 120,
    "maxCapacity": 12,
    "location": "Córdoba, Spain",
    "minimumStartDelay": 3,
    "startTime": 30,
    "fee": 0,
    "prizePool": 0,
    "type": "Automatic",
    "group": 6,
    "unlimitPO": "Yes"
  },
  {
    "name": "Denizli Unlimited",
    "peckingOrder": "S,A,B,C,D,E",
    "terrain": "Rock",
    "distance": 140,
    "maxCapacity": 12,
    "location": "Denizli, Turkey",
    "minimumStartDelay": 3,
    "startTime": 30,
    "fee": 0,
    "prizePool": 0,
    "type": "Automatic",
    "group": 6,
    "unlimitPO": "Yes"
  },
  {
    "name": "Havana Unlimited",
    "peckingOrder": "S,A,B,C,D,E",
    "terrain": "Rock",
    "distance": 160,
    "maxCapacity": 12,
    "location": "Havana, Cuba",
    "minimumStartDelay": 3,
    "startTime": 30,
    "fee": 0,
    "prizePool": 0,
    "type": "Automatic",
    "group": 6,
    "unlimitPO": "Yes"
  },
  {
    "name": "Ocotal Unlimited",
    "peckingOrder": "S,A,B,C,D,E",
    "terrain": "Rock",
    "distance": 180,
    "maxCapacity": 12,
    "location": "Ocotal, Nicaragua",
    "minimumStartDelay": 3,
    "startTime": 30,
    "fee": 0,
    "prizePool": 0,
    "type": "Automatic",
    "group": 6,
    "unlimitPO": "Yes"
  },
  {
    "name": "Naryn Unlimited",
    "peckingOrder": "S,A,B,C,D,E",
    "terrain": "Rock",
    "distance": 200,
    "maxCapacity": 12,
    "location": "Naryn, Kyrgyzstan",
    "minimumStartDelay": 3,
    "startTime": 30,
    "fee": 0,
    "prizePool": 0,
    "type": "Automatic",
    "group": 6,
    "unlimitPO": "Yes"
  },
  {
    "name": "Gold Rock Beach Unlimited",
    "peckingOrder": "S,A,B,C,D,E",
    "terrain": "Sand",
    "distance": 100,
    "maxCapacity": 12,
    "location": "Gold Rock Beach, Bahamas",
    "minimumStartDelay": 3,
    "startTime": 30,
    "fee": 0,
    "prizePool": 0,
    "type": "Automatic",
    "group": 6,
    "unlimitPO": "Yes"
  },
  {
    "name": "Jerash Unlimited",
    "peckingOrder": "S,A,B,C,D,E",
    "terrain": "Sand",
    "distance": 120,
    "maxCapacity": 12,
    "location": "Jerash, Jordan",
    "minimumStartDelay": 3,
    "startTime": 30,
    "fee": 0,
    "prizePool": 0,
    "type": "Automatic",
    "group": 6,
    "unlimitPO": "Yes"
  },
  {
    "name": "Praia de Galápos Unlimited",
    "peckingOrder": "S,A,B,C,D,E",
    "terrain": "Sand",
    "distance": 140,
    "maxCapacity": 12,
    "location": "Praia de Galápos, Portugal",
    "minimumStartDelay": 3,
    "startTime": 30,
    "fee": 0,
    "prizePool": 0,
    "type": "Automatic",
    "group": 6,
    "unlimitPO": "Yes"
  },
  {
    "name": "Denigomodu Unlimited",
    "peckingOrder": "S,A,B,C,D,E",
    "terrain": "Sand",
    "distance": 160,
    "maxCapacity": 12,
    "location": "Denigomodu, Nauru",
    "minimumStartDelay": 3,
    "startTime": 30,
    "fee": 0,
    "prizePool": 0,
    "type": "Automatic",
    "group": 6,
    "unlimitPO": "Yes"
  },
  {
    "name": "Floating City Unlimited",
    "peckingOrder": "S,A,B,C,D,E",
    "terrain": "Sand",
    "distance": 180,
    "maxCapacity": 12,
    "location": "Floating City, Bahrain",
    "minimumStartDelay": 3,
    "startTime": 30,
    "fee": 0,
    "prizePool": 0,
    "type": "Automatic",
    "group": 6,
    "unlimitPO": "Yes"
  },
  {
    "name": "Pacific Harbour Unlimited",
    "peckingOrder": "S,A,B,C,D,E",
    "terrain": "Sand",
    "distance": 200,
    "maxCapacity": 12,
    "location": "Pacific Harbour, Fiji",
    "minimumStartDelay": 3,
    "startTime": 30,
    "fee": 0,
    "prizePool": 0,
    "type": "Automatic",
    "group": 6,
    "unlimitPO": "Yes"
  },
  {
    "name": "Akureyri Unlimited",
    "peckingOrder": "S,A,B,C,D,E",
    "terrain": "Snow",
    "distance": 100,
    "maxCapacity": 12,
    "location": "Akureyri, Iceland",
    "minimumStartDelay": 3,
    "startTime": 30,
    "fee": 0,
    "prizePool": 0,
    "type": "Automatic",
    "group": 6,
    "unlimitPO": "Yes"
  },
  {
    "name": "Quito Unlimited",
    "peckingOrder": "S,A,B,C,D,E",
    "terrain": "Snow",
    "distance": 120,
    "maxCapacity": 12,
    "location": "Quito, Ecuador",
    "minimumStartDelay": 3,
    "startTime": 30,
    "fee": 0,
    "prizePool": 0,
    "type": "Automatic",
    "group": 6,
    "unlimitPO": "Yes"
  },
  {
    "name": "Helsinki Unlimited",
    "peckingOrder": "S,A,B,C,D,E",
    "terrain": "Snow",
    "distance": 140,
    "maxCapacity": 12,
    "location": "Helsinki, Finland",
    "minimumStartDelay": 3,
    "startTime": 30,
    "fee": 0,
    "prizePool": 0,
    "type": "Automatic",
    "group": 6,
    "unlimitPO": "Yes"
  },
  {
    "name": "Ljubljana Unlimited",
    "peckingOrder": "S,A,B,C,D,E",
    "terrain": "Snow",
    "distance": 160,
    "maxCapacity": 12,
    "location": "Ljubljana, Slovenia",
    "minimumStartDelay": 3,
    "startTime": 30,
    "fee": 0,
    "prizePool": 0,
    "type": "Automatic",
    "group": 6,
    "unlimitPO": "Yes"
  },
  {
    "name": "Matfors Unlimited",
    "peckingOrder": "S,A,B,C,D,E",
    "terrain": "Snow",
    "distance": 180,
    "maxCapacity": 12,
    "location": "Matfors, Sweden",
    "minimumStartDelay": 3,
    "startTime": 30,
    "fee": 0,
    "prizePool": 0,
    "type": "Automatic",
    "group": 6,
    "unlimitPO": "Yes"
  },
  {
    "name": "Coyhaique Unlimited",
    "peckingOrder": "S,A,B,C,D,E",
    "terrain": "Snow",
    "distance": 200,
    "maxCapacity": 12,
    "location": "Coyhaique, Chile",
    "minimumStartDelay": 3,
    "startTime": 30,
    "fee": 0,
    "prizePool": 0,
    "type": "Automatic",
    "group": 6,
    "unlimitPO": "Yes"
  },
  {
    "name": "Freetown Unlimited",
    "peckingOrder": "S,A,B,C,D,E",
    "terrain": "Track",
    "distance": 100,
    "maxCapacity": 12,
    "location": "Freetown, Sierra Leone",
    "minimumStartDelay": 3,
    "startTime": 30,
    "fee": 0,
    "prizePool": 0,
    "type": "Automatic",
    "group": 6,
    "unlimitPO": "Yes"
  },
  {
    "name": "Bujumbura Unlimited",
    "peckingOrder": "S,A,B,C,D,E",
    "terrain": "Track",
    "distance": 120,
    "maxCapacity": 12,
    "location": "Bujumbura, Burundi",
    "minimumStartDelay": 3,
    "startTime": 30,
    "fee": 0,
    "prizePool": 0,
    "type": "Automatic",
    "group": 6,
    "unlimitPO": "Yes"
  },
  {
    "name": "Mogilev Unlimited",
    "peckingOrder": "S,A,B,C,D,E",
    "terrain": "Track",
    "distance": 140,
    "maxCapacity": 12,
    "location": "Mogilev, Belarus",
    "minimumStartDelay": 3,
    "startTime": 30,
    "fee": 0,
    "prizePool": 0,
    "type": "Automatic",
    "group": 6,
    "unlimitPO": "Yes"
  },
  {
    "name": "Oslo Unlimited",
    "peckingOrder": "S,A,B,C,D,E",
    "terrain": "Track",
    "distance": 160,
    "maxCapacity": 12,
    "location": "Oslo, Norway",
    "minimumStartDelay": 3,
    "startTime": 30,
    "fee": 0,
    "prizePool": 0,
    "type": "Automatic",
    "group": 6,
    "unlimitPO": "Yes"
  },
  {
    "name": "Quatre Bornes Unlimited",
    "peckingOrder": "S,A,B,C,D,E",
    "terrain": "Track",
    "distance": 180,
    "maxCapacity": 12,
    "location": "Quatre Bornes, Mauritius",
    "minimumStartDelay": 3,
    "startTime": 30,
    "fee": 0,
    "prizePool": 0,
    "type": "Automatic",
    "group": 6,
    "unlimitPO": "Yes"
  },
  {
    "name": "Gaborone Unlimited",
    "peckingOrder": "S,A,B,C,D,E",
    "terrain": "Track",
    "distance": 200,
    "maxCapacity": 12,
    "location": "Gaborone, Botswana",
    "minimumStartDelay": 3,
    "startTime": 30,
    "fee": 0,
    "prizePool": 0,
    "type": "Automatic",
    "group": 6,
    "unlimitPO": "Yes"
  }
]
