name,peckingOrder,terrain,distance,maxCapacity,location,minimumStartDelay,startTime,fee,prizePool,type,group,unlimitPO,company
European Championship,"F,F+,E,E+,D,D+,C,C+,B,B+,A,A+,S,S+,SS,SS+,SSS,SSS+,X",Dirt,100,12,"Luxembourg, Luxembourg",3,3600,11550,110880,Automatic,1,No,AVIAN RACING
Colombia Cup,"F,F+,E,E+,D,D+,C,C+,B,B+,A,A+,S,S+,SS,SS+,SSS,SSS+,X",Dirt,140,12,"Salento, Colombia",3,3600,23100,221760,Automatic,1,No,FOWL INNOVATIONS
Fried Chicken,"F,F+,E,E+,D,D+,C,C+,B,B+,A,A+,S,S+,SS,SS+,SSS,SSS+,X",Dirt,200,12,"Mt. Vesuvius, Italy",3,3600,16500,158400,Automatic,1,No,BeakBets Limited
Pacific Wave,"F,F+,E,E+,D,D+,C,C+,B,B+,A,A+,S,S+,SS,SS+,SSS,SSS+,X",Grass,120,12,"Romanum, Micronesia",3,3600,19800,190080,Automatic,1,No,GoldenNest & Co
Panama National,"F,F+,E,E+,D,D+,C,C+,B,B+,A,A+,S,S+,SS,SS+,SSS,SSS+,X",Grass,160,12,"Panama City, Panama",3,3600,23100,221760,Automatic,1,No,BeakBets Limited
York Historic,"F,F+,E,E+,D,D+,C,C+,B,B+,A,A+,S,S+,SS,SS+,SSS,SSS+,X",Grass,200,12,"York, United Kingdom",3,3600,11550,110880,Automatic,1,No,FOWL INNOVATIONS
Starý Most Cross,"F,F+,E,E+,D,D+,C,C+,B,B+,A,A+,S,S+,SS,SS+,SSS,SSS+,X",Road,120,12,"Bratislava, Slovakia",3,3600,13200,126720,Automatic,1,No,AVIAN RACING
China Stakes,"F,F+,E,E+,D,D+,C,C+,B,B+,A,A+,S,S+,SS,SS+,SSS,SSS+,X",Road,160,12,"Chongqing, China",3,3600,16500,158400,Automatic,1,No,GoldenNest & Co
London Marathon,"F,F+,E,E+,D,D+,C,C+,B,B+,A,A+,S,S+,SS,SS+,SSS,SSS+,X",Road,200,12,"London, United Kingdom",3,3600,19800,190080,Automatic,1,No,FOWL INNOVATIONS
Capital Rock,"F,F+,E,E+,D,D+,C,C+,B,B+,A,A+,S,S+,SS,SS+,SSS,SSS+,X",Rock,100,12,"Nicosia, Cyprus",3,3600,23100,221760,Automatic,1,No,BLUE ROOSTER
Uluru Hike,"F,F+,E,E+,D,D+,C,C+,B,B+,A,A+,S,S+,SS,SS+,SSS,SSS+,X",Rock,160,12,"Uluru, Australia",3,3600,11550,110880,Automatic,1,No,AVIAN RACING
South American Cup,"F,F+,E,E+,D,D+,C,C+,B,B+,A,A+,S,S+,SS,SS+,SSS,SSS+,X",Rock,180,12,"Caracas, Venezuela",3,3600,13200,126720,Automatic,1,No,GoldenNest & Co
Blaauwberg 120,"F,F+,E,E+,D,D+,C,C+,B,B+,A,A+,S,S+,SS,SS+,SSS,SSS+,X",Sand,120,12,"Cape Town, South Africa",3,3600,16500,158400,Automatic,1,No,AVIAN RACING
Prime Minister's Pass,"F,F+,E,E+,D,D+,C,C+,B,B+,A,A+,S,S+,SS,SS+,SSS,SSS+,X",Sand,140,12,"Auckland, New Zealand",3,3600,19800,190080,Automatic,1,No,BeakBets Limited
Djibouti Jog,"F,F+,E,E+,D,D+,C,C+,B,B+,A,A+,S,S+,SS,SS+,SSS,SSS+,X",Sand,180,12,"Ali Sabieh, Djibouti",3,3600,23100,221760,Automatic,1,No,BLUE ROOSTER
100 International,"F,F+,E,E+,D,D+,C,C+,B,B+,A,A+,S,S+,SS,SS+,SSS,SSS+,X",Snow,100,12,"Nuuk, Greenland",3,3600,11550,110880,Automatic,1,No,BeakBets Limited
Masters Derby,"F,F+,E,E+,D,D+,C,C+,B,B+,A,A+,S,S+,SS,SS+,SSS,SSS+,X",Snow,140,12,"Tallinn, Estonia",3,3600,13200,126720,Automatic,1,No,BLUE ROOSTER
Ice Cap Cap,"F,F+,E,E+,D,D+,C,C+,B,B+,A,A+,S,S+,SS,SS+,SSS,SSS+,X",Snow,180,12,"Reykjavik, Iceland",3,3600,16500,158400,Automatic,1,No,FOWL INNOVATIONS
Course De Poulet,"F,F+,E,E+,D,D+,C,C+,B,B+,A,A+,S,S+,SS,SS+,SSS,SSS+,X",Track,120,12,"Paris, France",3,3600,19800,190080,Automatic,1,No,AVIAN RACING
National Stadium Fetch,"F,F+,E,E+,D,D+,C,C+,B,B+,A,A+,S,S+,SS,SS+,SSS,SSS+,X",Track,160,12,"Tokyo, Japan",3,3600,13200,126720,Automatic,1,No,BLUE ROOSTER
North American Cup,"F,F+,E,E+,D,D+,C,C+,B,B+,A,A+,S,S+,SS,SS+,SSS,SSS+,X",Track,200,12,"Phoenix, USA",3,3600,23100,221760,Automatic,1,No,GoldenNest & Co
Tokyo Takedown Trot,"F,F+,E,E+,D,D+,C,C+,B,B+,A,A+,S,S+,SS,SS+,SSS,SSS+,X",Dirt,100,12,"Luxembourg, Luxembourg",3,3600,11550,110880,Automatic,1,No,AVIAN RACING
Parisian Poultry Parade,"F,F+,E,E+,D,D+,C,C+,B,B+,A,A+,S,S+,SS,SS+,SSS,SSS+,X",Dirt,140,12,"Salento, Colombia",3,3600,23100,221760,Automatic,1,No,FOWL INNOVATIONS
Rio de Janeiro Roost Rumble,"F,F+,E,E+,D,D+,C,C+,B,B+,A,A+,S,S+,SS,SS+,SSS,SSS+,X",Dirt,200,12,"Mt. Vesuvius, Italy",3,3600,16500,158400,Automatic,1,No,BeakBets Limited
Sydney Strut Challenge,"F,F+,E,E+,D,D+,C,C+,B,B+,A,A+,S,S+,SS,SS+,SSS,SSS+,X",Grass,120,12,"Romanum, Micronesia",3,3600,19800,190080,Automatic,1,No,GoldenNest & Co
New York Nest Dash,"F,F+,E,E+,D,D+,C,C+,B,B+,A,A+,S,S+,SS,SS+,SSS,SSS+,X",Grass,160,12,"Panama City, Panama",3,3600,23100,221760,Automatic,1,No,BeakBets Limited
London Loft Lap,"F,F+,E,E+,D,D+,C,C+,B,B+,A,A+,S,S+,SS,SS+,SSS,SSS+,X",Grass,200,12,"York, United Kingdom",3,3600,11550,110880,Automatic,1,No,FOWL INNOVATIONS
Shanghai Speed Showdown,"F,F+,E,E+,D,D+,C,C+,B,B+,A,A+,S,S+,SS,SS+,SSS,SSS+,X",Road,120,12,"Bratislava, Slovakia",3,3600,13200,126720,Automatic,1,No,AVIAN RACING
Rome Rooster Race,"F,F+,E,E+,D,D+,C,C+,B,B+,A,A+,S,S+,SS,SS+,SSS,SSS+,X",Road,160,12,"Chongqing, China",3,3600,16500,158400,Automatic,1,No,GoldenNest & Co
Cairo Clucking Circuit,"F,F+,E,E+,D,D+,C,C+,B,B+,A,A+,S,S+,SS,SS+,SSS,SSS+,X",Road,200,12,"London, United Kingdom",3,3600,19800,190080,Automatic,1,No,FOWL INNOVATIONS
Moscow Feather Frenzy,"F,F+,E,E+,D,D+,C,C+,B,B+,A,A+,S,S+,SS,SS+,SSS,SSS+,X",Rock,100,12,"Nicosia, Cyprus",3,3600,23100,221760,Automatic,1,No,BLUE ROOSTER
Barcelona Barnyard Blast,"F,F+,E,E+,D,D+,C,C+,B,B+,A,A+,S,S+,SS,SS+,SSS,SSS+,X",Rock,160,12,"Uluru, Australia",3,3600,11550,110880,Automatic,1,No,AVIAN RACING
Amsterdam Avian Adventure,"F,F+,E,E+,D,D+,C,C+,B,B+,A,A+,S,S+,SS,SS+,SSS,SSS+,X",Rock,180,12,"Caracas, Venezuela",3,3600,13200,126720,Automatic,1,No,GoldenNest & Co
Buenos Aires Bird Blitz,"F,F+,E,E+,D,D+,C,C+,B,B+,A,A+,S,S+,SS,SS+,SSS,SSS+,X",Sand,120,12,"Cape Town, South Africa",3,3600,16500,158400,Automatic,1,No,AVIAN RACING
Cape Town Chick Chase,"F,F+,E,E+,D,D+,C,C+,B,B+,A,A+,S,S+,SS,SS+,SSS,SSS+,X",Sand,140,12,"Auckland, New Zealand",3,3600,19800,190080,Automatic,1,No,BeakBets Limited
Dubai Drumstick Dash,"F,F+,E,E+,D,D+,C,C+,B,B+,A,A+,S,S+,SS,SS+,SSS,SSS+,X",Sand,180,12,"Ali Sabieh, Djibouti",3,3600,23100,221760,Automatic,1,No,BLUE ROOSTER
Edinburgh Eggstravaganza,"F,F+,E,E+,D,D+,C,C+,B,B+,A,A+,S,S+,SS,SS+,SSS,SSS+,X",Snow,100,12,"Nuuk, Greenland",3,3600,11550,110880,Automatic,1,No,BeakBets Limited
Fiji Feathery Fiesta,"F,F+,E,E+,D,D+,C,C+,B,B+,A,A+,S,S+,SS,SS+,SSS,SSS+,X",Snow,140,12,"Tallinn, Estonia",3,3600,13200,126720,Automatic,1,No,BLUE ROOSTER
Geneva Poultry Pursuit,"F,F+,E,E+,D,D+,C,C+,B,B+,A,A+,S,S+,SS,SS+,SSS,SSS+,X",Snow,180,12,"Reykjavik, Iceland",3,3600,16500,158400,Automatic,1,No,FOWL INNOVATIONS
Havana Hen Hustle,"F,F+,E,E+,D,D+,C,C+,B,B+,A,A+,S,S+,SS,SS+,SSS,SSS+,X",Track,120,12,"Paris, France",3,3600,19800,190080,Automatic,1,No,AVIAN RACING
Istanbul Incubator Invitational,"F,F+,E,E+,D,D+,C,C+,B,B+,A,A+,S,S+,SS,SS+,SSS,SSS+,X",Track,160,12,"Tokyo, Japan",3,3600,13200,126720,Automatic,1,No,BLUE ROOSTER
Jakarta Jamboree Jump,"F,F+,E,E+,D,D+,C,C+,B,B+,A,A+,S,S+,SS,SS+,SSS,SSS+,X",Track,200,12,"Phoenix, USA",3,3600,23100,221760,Automatic,1,No,GoldenNest & Co
Kingston Kackle Kamp,"F,F+,E,E+,D,D+,C,C+,B,B+,A,A+,S,S+,SS,SS+,SSS,SSS+,X",Dirt,100,12,"Luxembourg, Luxembourg",3,3600,11550,110880,Automatic,1,No,AVIAN RACING
Lima Leghorn Lunge,"F,F+,E,E+,D,D+,C,C+,B,B+,A,A+,S,S+,SS,SS+,SSS,SSS+,X",Dirt,140,12,"Salento, Colombia",3,3600,23100,221760,Automatic,1,No,FOWL INNOVATIONS
Malta Molt Marathon,"F,F+,E,E+,D,D+,C,C+,B,B+,A,A+,S,S+,SS,SS+,SSS,SSS+,X",Dirt,200,12,"Mt. Vesuvius, Italy",3,3600,16500,158400,Automatic,1,No,BeakBets Limited
Nairobi Nest Navigators,"F,F+,E,E+,D,D+,C,C+,B,B+,A,A+,S,S+,SS,SS+,SSS,SSS+,X",Grass,120,12,"Romanum, Micronesia",3,3600,19800,190080,Automatic,1,No,GoldenNest & Co
Osaka Ostrich Opus,"F,F+,E,E+,D,D+,C,C+,B,B+,A,A+,S,S+,SS,SS+,SSS,SSS+,X",Grass,160,12,"Panama City, Panama",3,3600,23100,221760,Automatic,1,No,BeakBets Limited
Prague Poultry Plunge,"F,F+,E,E+,D,D+,C,C+,B,B+,A,A+,S,S+,SS,SS+,SSS,SSS+,X",Grass,200,12,"York, United Kingdom",3,3600,11550,110880,Automatic,1,No,FOWL INNOVATIONS
Quito Quill Quest,"F,F+,E,E+,D,D+,C,C+,B,B+,A,A+,S,S+,SS,SS+,SSS,SSS+,X",Road,120,12,"Bratislava, Slovakia",3,3600,13200,126720,Automatic,1,No,AVIAN RACING
Reykjavik Roost Race,"F,F+,E,E+,D,D+,C,C+,B,B+,A,A+,S,S+,SS,SS+,SSS,SSS+,X",Road,160,12,"Chongqing, China",3,3600,16500,158400,Automatic,1,No,GoldenNest & Co
Seoul Strutting Spectacle,"F,F+,E,E+,D,D+,C,C+,B,B+,A,A+,S,S+,SS,SS+,SSS,SSS+,X",Road,200,12,"London, United Kingdom",3,3600,19800,190080,Automatic,1,No,FOWL INNOVATIONS
Taipei Talon Tango,"F,F+,E,E+,D,D+,C,C+,B,B+,A,A+,S,S+,SS,SS+,SSS,SSS+,X",Rock,100,12,"Nicosia, Cyprus",3,3600,23100,221760,Automatic,1,No,BLUE ROOSTER
Vienna Vulture Venture,"F,F+,E,E+,D,D+,C,C+,B,B+,A,A+,S,S+,SS,SS+,SSS,SSS+,X",Rock,160,12,"Uluru, Australia",3,3600,11550,110880,Automatic,1,No,AVIAN RACING
Warsaw Winged Whirl,"F,F+,E,E+,D,D+,C,C+,B,B+,A,A+,S,S+,SS,SS+,SSS,SSS+,X",Rock,180,12,"Caracas, Venezuela",3,3600,13200,126720,Automatic,1,No,GoldenNest & Co
Xian Xtreme Chicken Xtasy,"F,F+,E,E+,D,D+,C,C+,B,B+,A,A+,S,S+,SS,SS+,SSS,SSS+,X",Sand,120,12,"Cape Town, South Africa",3,3600,16500,158400,Automatic,1,No,AVIAN RACING
Yokohama Yard Yomp,"F,F+,E,E+,D,D+,C,C+,B,B+,A,A+,S,S+,SS,SS+,SSS,SSS+,X",Sand,140,12,"Auckland, New Zealand",3,3600,19800,190080,Automatic,1,No,BeakBets Limited
Zurich Zany Zinger,"F,F+,E,E+,D,D+,C,C+,B,B+,A,A+,S,S+,SS,SS+,SSS,SSS+,X",Sand,180,12,"Ali Sabieh, Djibouti",3,3600,23100,221760,Automatic,1,No,BLUE ROOSTER
Jakarta Jovial Jive,"F,F+,E,E+,D,D+,C,C+,B,B+,A,A+,S,S+,SS,SS+,SSS,SSS+,X",Snow,100,12,"Nuuk, Greenland",3,3600,11550,110880,Automatic,1,No,BeakBets Limited
Paris Prix,"F,F+,E,E+,D,D+,C,C+,B,B+,A,A+,S,S+,SS,SS+,SSS,SSS+,X",Snow,140,12,"Tallinn, Estonia",3,3600,13200,126720,Automatic,1,No,BLUE ROOSTER
Rio Rumble,"F,F+,E,E+,D,D+,C,C+,B,B+,A,A+,S,S+,SS,SS+,SSS,SSS+,X",Snow,180,12,"Reykjavik, Iceland",3,3600,16500,158400,Automatic,1,No,FOWL INNOVATIONS
Moonshine Run,"F,F+,E,E+,D,D+,C,C+,B,B+,A,A+,S,S+,SS,SS+,SSS,SSS+,X",Dirt,120,12,"Asheville, USA",3,600,6600,63360,Automatic,2,No,FOWL INNOVATIONS
Municipal Run,"F,F+,E,E+,D,D+,C,C+,B,B+,A,A+,S,S+,SS,SS+,SSS,SSS+,X",Dirt,160,12,"Bălți, Moldova",3,600,9900,95040,Automatic,2,No,AVIAN RACING
Tacna Mine,"F,F+,E,E+,D,D+,C,C+,B,B+,A,A+,S,S+,SS,SS+,SSS,SSS+,X",Dirt,180,12,"Tacna, Peru",3,600,7260,69696,Automatic,2,No,BeakBets Limited
Galway Races,"F,F+,E,E+,D,D+,C,C+,B,B+,A,A+,S,S+,SS,SS+,SSS,SSS+,X",Grass,100,12,"Galway, Ireland",3,600,7920,76032,Automatic,2,No,BeakBets Limited
Indian National,"F,F+,E,E+,D,D+,C,C+,B,B+,A,A+,S,S+,SS,SS+,SSS,SSS+,X",Grass,140,12,"Bhopal, India",3,600,7920,76032,Automatic,2,No,AVIAN RACING
Capital Cross,"F,F+,E,E+,D,D+,C,C+,B,B+,A,A+,S,S+,SS,SS+,SSS,SSS+,X",Grass,180,12,"Antananarivo, Madagascar",3,600,8580,82368,Automatic,2,No,GoldenNest & Co
Chairman's Wash,"F,F+,E,E+,D,D+,C,C+,B,B+,A,A+,S,S+,SS,SS+,SSS,SSS+,X",Road,180,12,"Granada, Nicaragua",3,600,8580,82368,Automatic,2,No,GoldenNest & Co
Prince's Peck,"F,F+,E,E+,D,D+,C,C+,B,B+,A,A+,S,S+,SS,SS+,SSS,SSS+,X",Road,100,12,"Port-au-Prince, Haiti",3,600,9900,95040,Automatic,2,No,BLUE ROOSTER
Tuzla Tussle,"F,F+,E,E+,D,D+,C,C+,B,B+,A,A+,S,S+,SS,SS+,SSS,SSS+,X",Road,140,12,"Tuzla, Bosnia and Herzegovina",3,600,6600,63360,Automatic,2,No,BeakBets Limited
Salzkammergut Descent,"F,F+,E,E+,D,D+,C,C+,B,B+,A,A+,S,S+,SS,SS+,SSS,SSS+,X",Rock,140,12,"Hallstatt, Austria",3,600,9900,95040,Automatic,2,No,GoldenNest & Co
Lima Loopy Lap,"F,F+,E,E+,D,D+,C,C+,B,B+,A,A+,S,S+,SS,SS+,SSS,SSS+,X",Rock,200,12,"Naryn, Kyrgyzstan",3,600,6600,63360,Automatic,2,No,FOWL INNOVATIONS
Republic Hop,"F,F+,E,E+,D,D+,C,C+,B,B+,A,A+,S,S+,SS,SS+,SSS,SSS+,X",Rock,120,12,"Koror, Palau",3,600,7260,69696,Automatic,2,No,BLUE ROOSTER
The Short Climb,"F,F+,E,E+,D,D+,C,C+,B,B+,A,A+,S,S+,SS,SS+,SSS,SSS+,X",Rock,100,12,"Naryn, Kyrgyzstan",3,600,6600,63360,Automatic,2,No,AVIAN RACING
Historic Cross,"F,F+,E,E+,D,D+,C,C+,B,B+,A,A+,S,S+,SS,SS+,SSS,SSS+,X",Sand,160,12,"Šibenik, Croatia",3,600,7260,69696,Automatic,2,No,GoldenNest & Co
Bird Island Yield,"F,F+,E,E+,D,D+,C,C+,B,B+,A,A+,S,S+,SS,SS+,SSS,SSS+,X",Sand,200,12,"Walvis Bay, Namibia",3,600,7920,76032,Automatic,2,No,BeakBets Limited
Queen's Gambit,"F,F+,E,E+,D,D+,C,C+,B,B+,A,A+,S,S+,SS,SS+,SSS,SSS+,X",Sand,100,12,"Victoria, Seychelles",3,600,7920,76032,Automatic,2,No,FOWL INNOVATIONS
Maurice March,"F,F+,E,E+,D,D+,C,C+,B,B+,A,A+,S,S+,SS,SS+,SSS,SSS+,X",Snow,120,12,"St. Moritz, Switzerland",3,600,8580,82368,Automatic,2,No,FOWL INNOVATIONS
Canal Caper,"F,F+,E,E+,D,D+,C,C+,B,B+,A,A+,S,S+,SS,SS+,SSS,SSS+,X",Snow,160,12,"Ljubljana, Slovenia",3,600,8580,82368,Automatic,2,No,AVIAN RACING
200 Capital,"F,F+,E,E+,D,D+,C,C+,B,B+,A,A+,S,S+,SS,SS+,SSS,SSS+,X",Snow,200,12,"Coyhaique, Chile",3,600,9900,95040,Automatic,2,No,BLUE ROOSTER
Belarus Meet,"F,F+,E,E+,D,D+,C,C+,B,B+,A,A+,S,S+,SS,SS+,SSS,SSS+,X",Track,140,12,"Mogilev, Belarus",3,600,7260,69696,Automatic,2,No,BLUE ROOSTER
Semi Circle,"F,F+,E,E+,D,D+,C,C+,B,B+,A,A+,S,S+,SS,SS+,SSS,SSS+,X",Track,180,12,"Quatre Bornes, Mauritius",3,600,6600,63360,Automatic,2,No,BeakBets Limited
Johannesburg Sprint,"F,F+,E,E+,D,D+,C,C+,B,B+,A,A+,S,S+,SS,SS+,SSS,SSS+,X",Track,100,12,"Johannesburg, South Africa",3,600,6600,63360,Automatic,2,No,FOWL INNOVATIONS
Sydney Sprint,"F,F+,E,E+,D,D+,C,C+,B,B+,A,A+,S,S+,SS,SS+,SSS,SSS+,X",Dirt,120,12,"Asheville, USA",3,600,6600,63360,Automatic,2,No,FOWL INNOVATIONS
New York Dash,"F,F+,E,E+,D,D+,C,C+,B,B+,A,A+,S,S+,SS,SS+,SSS,SSS+,X",Dirt,160,12,"Bălți, Moldova",3,600,9900,95040,Automatic,2,No,AVIAN RACING
London Lap,"F,F+,E,E+,D,D+,C,C+,B,B+,A,A+,S,S+,SS,SS+,SSS,SSS+,X",Dirt,180,12,"Tacna, Peru",3,600,7260,69696,Automatic,2,No,BeakBets Limited
Shanghai Show,"F,F+,E,E+,D,D+,C,C+,B,B+,A,A+,S,S+,SS,SS+,SSS,SSS+,X",Grass,100,12,"Galway, Ireland",3,600,7920,76032,Automatic,2,No,BeakBets Limited
Rome Race,"F,F+,E,E+,D,D+,C,C+,B,B+,A,A+,S,S+,SS,SS+,SSS,SSS+,X",Grass,140,12,"Bhopal, India",3,600,7920,76032,Automatic,2,No,AVIAN RACING
Cairo Chase,"F,F+,E,E+,D,D+,C,C+,B,B+,A,A+,S,S+,SS,SS+,SSS,SSS+,X",Grass,180,12,"Antananarivo, Madagascar",3,600,8580,82368,Automatic,2,No,GoldenNest & Co
Moscow Marathon,"F,F+,E,E+,D,D+,C,C+,B,B+,A,A+,S,S+,SS,SS+,SSS,SSS+,X",Road,180,12,"Granada, Nicaragua",3,600,8580,82368,Automatic,2,No,GoldenNest & Co
Berlin Blitz,"F,F+,E,E+,D,D+,C,C+,B,B+,A,A+,S,S+,SS,SS+,SSS,SSS+,X",Road,100,12,"Port-au-Prince, Haiti",3,600,9900,95040,Automatic,2,No,BLUE ROOSTER
Madrid Dash,"F,F+,E,E+,D,D+,C,C+,B,B+,A,A+,S,S+,SS,SS+,SSS,SSS+,X",Road,140,12,"Tuzla, Bosnia and Herzegovina",3,600,6600,63360,Automatic,2,No,BeakBets Limited
Bangkok Blast,"F,F+,E,E+,D,D+,C,C+,B,B+,A,A+,S,S+,SS,SS+,SSS,SSS+,X",Rock,140,12,"Hallstatt, Austria",3,600,9900,95040,Automatic,2,No,GoldenNest & Co
Seoul Show,"F,F+,E,E+,D,D+,C,C+,B,B+,A,A+,S,S+,SS,SS+,SSS,SSS+,X",Rock,200,12,"Naryn, Kyrgyzstan",3,600,6600,63360,Automatic,2,No,FOWL INNOVATIONS
Vienna Run,"F,F+,E,E+,D,D+,C,C+,B,B+,A,A+,S,S+,SS,SS+,SSS,SSS+,X",Rock,120,12,"Koror, Palau",3,600,7260,69696,Automatic,2,No,BLUE ROOSTER
Prague Pursuit,"F,F+,E,E+,D,D+,C,C+,B,B+,A,A+,S,S+,SS,SS+,SSS,SSS+,X",Rock,100,12,"Naryn, Kyrgyzstan",3,600,6600,63360,Automatic,2,No,AVIAN RACING
Amsterdam Amble,"F,F+,E,E+,D,D+,C,C+,B,B+,A,A+,S,S+,SS,SS+,SSS,SSS+,X",Sand,160,12,"Šibenik, Croatia",3,600,7260,69696,Automatic,2,No,GoldenNest & Co
Cape Town Cluck,"F,F+,E,E+,D,D+,C,C+,B,B+,A,A+,S,S+,SS,SS+,SSS,SSS+,X",Sand,200,12,"Walvis Bay, Namibia",3,600,7920,76032,Automatic,2,No,BeakBets Limited
Dubai Dash,"F,F+,E,E+,D,D+,C,C+,B,B+,A,A+,S,S+,SS,SS+,SSS,SSS+,X",Sand,100,12,"Victoria, Seychelles",3,600,7920,76032,Automatic,2,No,FOWL INNOVATIONS
Lima Lunge,"F,F+,E,E+,D,D+,C,C+,B,B+,A,A+,S,S+,SS,SS+,SSS,SSS+,X",Snow,120,12,"St. Moritz, Switzerland",3,600,8580,82368,Automatic,2,No,FOWL INNOVATIONS
Havana Hustle,"F,F+,E,E+,D,D+,C,C+,B,B+,A,A+,S,S+,SS,SS+,SSS,SSS+,X",Snow,160,12,"Ljubljana, Slovenia",3,600,8580,82368,Automatic,2,No,AVIAN RACING
Kyoto Kooky Klap,"F,F+,E,E+,D,D+,C,C+,B,B+,A,A+,S,S+,SS,SS+,SSS,SSS+,X",Snow,200,12,"Coyhaique, Chile",3,600,9900,95040,Automatic,2,No,BLUE ROOSTER
Athens Adventure,"F,F+,E,E+,D,D+,C,C+,B,B+,A,A+,S,S+,SS,SS+,SSS,SSS+,X",Track,140,12,"Mogilev, Belarus",3,600,7260,69696,Automatic,2,No,BLUE ROOSTER
Budapest Barn,"F,F+,E,E+,D,D+,C,C+,B,B+,A,A+,S,S+,SS,SS+,SSS,SSS+,X",Track,180,12,"Quatre Bornes, Mauritius",3,600,6600,63360,Automatic,2,No,BeakBets Limited
Copenhagen Cluck,"F,F+,E,E+,D,D+,C,C+,B,B+,A,A+,S,S+,SS,SS+,SSS,SSS+,X",Track,100,12,"Johannesburg, South Africa",3,600,6600,63360,Automatic,2,No,FOWL INNOVATIONS
Delhi Derby,"F,F+,E,E+,D,D+,C,C+,B,B+,A,A+,S,S+,SS,SS+,SSS,SSS+,X",Dirt,120,12,"Asheville, USA",3,600,6600,63360,Automatic,2,No,FOWL INNOVATIONS
Edinburgh Egg,"F,F+,E,E+,D,D+,C,C+,B,B+,A,A+,S,S+,SS,SS+,SSS,SSS+,X",Dirt,160,12,"Bălți, Moldova",3,600,9900,95040,Automatic,2,No,AVIAN RACING
Jakarta Jungle Jaunt,"F,F+,E,E+,D,D+,C,C+,B,B+,A,A+,S,S+,SS,SS+,SSS,SSS+,X",Dirt,180,12,"Tacna, Peru",3,600,7260,69696,Automatic,2,No,BeakBets Limited
Geneva Gala,"F,F+,E,E+,D,D+,C,C+,B,B+,A,A+,S,S+,SS,SS+,SSS,SSS+,X",Grass,100,12,"Galway, Ireland",3,600,7920,76032,Automatic,2,No,BeakBets Limited
Adelaide Avian Affair,"F,F+,E,E+,D,D+,C,C+,B,B+,A,A+,S,S+,SS,SS+,SSS,SSS+,X",Grass,140,12,"Bhopal, India",3,600,7920,76032,Automatic,2,No,AVIAN RACING
Beirut Beak Battle,"F,F+,E,E+,D,D+,C,C+,B,B+,A,A+,S,S+,SS,SS+,SSS,SSS+,X",Grass,180,12,"Antananarivo, Madagascar",3,600,8580,82368,Automatic,2,No,GoldenNest & Co
Kingston Kick,"F,F+,E,E+,D,D+,C,C+,B,B+,A,A+,S,S+,SS,SS+,SSS,SSS+,X",Road,180,12,"Granada, Nicaragua",3,600,8580,82368,Automatic,2,No,GoldenNest & Co
Las Vegas Lap,"F,F+,E,E+,D,D+,C,C+,B,B+,A,A+,S,S+,SS,SS+,SSS,SSS+,X",Road,100,12,"Port-au-Prince, Haiti",3,600,9900,95040,Automatic,2,No,BLUE ROOSTER
Malta Marathon,"F,F+,E,E+,D,D+,C,C+,B,B+,A,A+,S,S+,SS,SS+,SSS,SSS+,X",Road,140,12,"Tuzla, Bosnia and Herzegovina",3,600,6600,63360,Automatic,2,No,BeakBets Limited
Manila Mile,"F,F+,E,E+,D,D+,C,C+,B,B+,A,A+,S,S+,SS,SS+,SSS,SSS+,X",Rock,140,12,"Hallstatt, Austria",3,600,9900,95040,Automatic,2,No,GoldenNest & Co
Nairobi Navigate,"F,F+,E,E+,D,D+,C,C+,B,B+,A,A+,S,S+,SS,SS+,SSS,SSS+,X",Rock,200,12,"Naryn, Kyrgyzstan",3,600,6600,63360,Automatic,2,No,FOWL INNOVATIONS
Dakar Drumstick Dash,"F,F+,E,E+,D,D+,C,C+,B,B+,A,A+,S,S+,SS,SS+,SSS,SSS+,X",Rock,120,12,"Koror, Palau",3,600,7260,69696,Automatic,2,No,BLUE ROOSTER
Fiji Feathered Fest,"F,F+,E,E+,D,D+,C,C+,B,B+,A,A+,S,S+,SS,SS+,SSS,SSS+,X",Rock,100,12,"Naryn, Kyrgyzstan",3,600,6600,63360,Automatic,2,No,AVIAN RACING
Quebec Quest,"F,F+,E,E+,D,D+,C,C+,B,B+,A,A+,S,S+,SS,SS+,SSS,SSS+,X",Sand,160,12,"Šibenik, Croatia",3,600,7260,69696,Automatic,2,No,GoldenNest & Co
Goa Galloping Gala,"F,F+,E,E+,D,D+,C,C+,B,B+,A,A+,S,S+,SS,SS+,SSS,SSS+,X",Sand,200,12,"Walvis Bay, Namibia",3,600,7920,76032,Automatic,2,No,BeakBets Limited
Helsinki Hen Hurdle,"F,F+,E,E+,D,D+,C,C+,B,B+,A,A+,S,S+,SS,SS+,SSS,SSS+,X",Sand,100,12,"Victoria, Seychelles",3,600,7920,76032,Automatic,2,No,FOWL INNOVATIONS
Kyoto Kiwi Kickoff,"F,F+,E,E+,D,D+,C,C+,B,B+,A,A+,S,S+,SS,SS+,SSS,SSS+,X",Dirt,120,12,"Córdoba, Argentina",3,60,4620,44352,Automatic,3,No,FOWL INNOVATIONS
140m Dash,"F,F+,E,E+,D,D+,C,C+,B,B+,A,A+,S,S+,SS,SS+,SSS,SSS+,X",Dirt,140,12,"Vagharshapat, Armenia",3,60,2970,28512,Automatic,3,No,BLUE ROOSTER
Montagnola 200,"F,F+,E,E+,D,D+,C,C+,B,B+,A,A+,S,S+,SS,SS+,SSS,SSS+,X",Dirt,200,12,"Bologna, Italy",3,60,3300,31680,Automatic,3,No,AVIAN RACING
New Year Chase,"F,F+,E,E+,D,D+,C,C+,B,B+,A,A+,S,S+,SS,SS+,SSS,SSS+,X",Dirt,100,12,"Capiatá, Paraguay",3,60,2970,28512,Automatic,3,No,GoldenNest & Co
Senegal 160,"F,F+,E,E+,D,D+,C,C+,B,B+,A,A+,S,S+,SS,SS+,SSS,SSS+,X",Dirt,160,12,"Dakar, Senegal",3,60,3300,31680,Automatic,3,No,BeakBets Limited
800 River Race,"F,F+,E,E+,D,D+,C,C+,B,B+,A,A+,S,S+,SS,SS+,SSS,SSS+,X",Dirt,180,12,"Kathmandu, Nepal",3,60,3960,38016,Automatic,3,No,AVIAN RACING
The Šuma Marjan Race,"F,F+,E,E+,D,D+,C,C+,B,B+,A,A+,S,S+,SS,SS+,SSS,SSS+,X",Grass,120,12,"Split, Croatia",3,60,3960,38016,Automatic,3,No,BeakBets Limited
Corrida De Cunhinga,"F,F+,E,E+,D,D+,C,C+,B,B+,A,A+,S,S+,SS,SS+,SSS,SSS+,X",Grass,160,12,"Cunhinga, Angola",3,60,4620,44352,Automatic,3,No,FOWL INNOVATIONS
The Rio Run,"F,F+,E,E+,D,D+,C,C+,B,B+,A,A+,S,S+,SS,SS+,SSS,SSS+,X",Grass,180,12,"Rio de Janeiro, Brazil",3,60,2640,25344,Automatic,3,No,GoldenNest & Co
Bioko Dash,"F,F+,E,E+,D,D+,C,C+,B,B+,A,A+,S,S+,SS,SS+,SSS,SSS+,X",Grass,100,12,"Malabo, Equatorial Guinea",3,60,4620,44352,Automatic,3,No,BeakBets Limited
Gorkhi-Terelj Split,"F,F+,E,E+,D,D+,C,C+,B,B+,A,A+,S,S+,SS,SS+,SSS,SSS+,X",Grass,140,12,"Ulaanbaatar, Mongolia",3,60,2640,25344,Automatic,3,No,BLUE ROOSTER
York Present,"F,F+,E,E+,D,D+,C,C+,B,B+,A,A+,S,S+,SS,SS+,SSS,SSS+,X",Grass,200,12,"York, United Kingdom",3,60,2970,28512,Automatic,3,No,AVIAN RACING
Denver Dash,"F,F+,E,E+,D,D+,C,C+,B,B+,A,A+,S,S+,SS,SS+,SSS,SSS+,X",Road,100,12,"Denver, USA",3,60,2970,28512,Automatic,3,No,GoldenNest & Co
Road to Hanoi,"F,F+,E,E+,D,D+,C,C+,B,B+,A,A+,S,S+,SS,SS+,SSS,SSS+,X",Road,160,12,"Hanoi, Vietnam",3,60,3300,31680,Automatic,3,No,BLUE ROOSTER
City Drive,"F,F+,E,E+,D,D+,C,C+,B,B+,A,A+,S,S+,SS,SS+,SSS,SSS+,X",Road,200,12,"City of Manila, Philippines",3,60,3960,38016,Automatic,3,No,AVIAN RACING
Village Climb,"F,F+,E,E+,D,D+,C,C+,B,B+,A,A+,S,S+,SS,SS+,SSS,SSS+,X",Road,120,12,"Asitey, Ghana",3,60,3300,31680,Automatic,3,No,GoldenNest & Co
Downtown Daejeon,"F,F+,E,E+,D,D+,C,C+,B,B+,A,A+,S,S+,SS,SS+,SSS,SSS+,X",Road,140,12,"Daejeon, South Korea",3,60,3960,38016,Automatic,3,No,FOWL INNOVATIONS
The Chicken Reggata,"F,F+,E,E+,D,D+,C,C+,B,B+,A,A+,S,S+,SS,SS+,SSS,SSS+,X",Road,180,12,"Bissau, Guinea-Bissau",3,60,4620,44352,Automatic,3,No,BeakBets Limited
Lima Leghorn Lark,"F,F+,E,E+,D,D+,C,C+,B,B+,A,A+,S,S+,SS,SS+,SSS,SSS+,X",Rock,100,12,"Nicosia, Cyprus",3,60,4620,44352,Automatic,3,No,GoldenNest & Co
Rosenborg Drive,"F,F+,E,E+,D,D+,C,C+,B,B+,A,A+,S,S+,SS,SS+,SSS,SSS+,X",Rock,160,12,"Copenhagen, Denmark",3,60,2640,25344,Automatic,3,No,FOWL INNOVATIONS
Island Rock,"F,F+,E,E+,D,D+,C,C+,B,B+,A,A+,S,S+,SS,SS+,SSS,SSS+,X",Rock,200,12,"Valletta, Malta",3,60,2970,28512,Automatic,3,No,AVIAN RACING
Mauritshuis Ras,"F,F+,E,E+,D,D+,C,C+,B,B+,A,A+,S,S+,SS,SS+,SSS,SSS+,X",Rock,120,12,"The Hague, Netherlands",3,60,2640,25344,Automatic,3,No,BLUE ROOSTER
Timeless Trail,"F,F+,E,E+,D,D+,C,C+,B,B+,A,A+,S,S+,SS,SS+,SSS,SSS+,X",Rock,140,12,"Denizli, Turkey",3,60,2970,28512,Automatic,3,No,AVIAN RACING
Cypriot Trail,"F,F+,E,E+,D,D+,C,C+,B,B+,A,A+,S,S+,SS,SS+,SSS,SSS+,X",Rock,180,12,"Kato Platres, Cyprus",3,60,3300,31680,Automatic,3,No,BeakBets Limited
Bugrashov Cross,"F,F+,E,E+,D,D+,C,C+,B,B+,A,A+,S,S+,SS,SS+,SSS,SSS+,X",Sand,120,12,"Tel Aviv, Israel",3,60,3300,31680,Automatic,3,No,AVIAN RACING
Silver Talon Stakes,"F,F+,E,E+,D,D+,C,C+,B,B+,A,A+,S,S+,SS,SS+,SSS,SSS+,X",Sand,140,12,"Sydney, Australia",3,60,3960,38016,Automatic,3,No,GoldenNest & Co
Beach Bash,"F,F+,E,E+,D,D+,C,C+,B,B+,A,A+,S,S+,SS,SS+,SSS,SSS+,X",Sand,200,12,"Bangkok, Thailand",3,60,2640,25344,Automatic,3,No,BeakBets Limited
The Golden Sprint,"F,F+,E,E+,D,D+,C,C+,B,B+,A,A+,S,S+,SS,SS+,SSS,SSS+,X",Sand,100,12,"Gold Rock Beach, Bahamas",3,60,3960,38016,Automatic,3,No,BLUE ROOSTER
Zacharias Challenge,"F,F+,E,E+,D,D+,C,C+,B,B+,A,A+,S,S+,SS,SS+,SSS,SSS+,X",Sand,160,12,"Denigomodu, Nauru",3,60,2640,25344,Automatic,3,No,FOWL INNOVATIONS
Island Trails,"F,F+,E,E+,D,D+,C,C+,B,B+,A,A+,S,S+,SS,SS+,SSS,SSS+,X",Sand,180,12,"Floating City, Bahrain",3,60,2970,28512,Automatic,3,No,BLUE ROOSTER
Sa Pa Sprint,"F,F+,E,E+,D,D+,C,C+,B,B+,A,A+,S,S+,SS,SS+,SSS,SSS+,X",Snow,100,12,"Sa Pa, Vietnam",3,60,4620,44352,Automatic,3,No,GoldenNest & Co
Seasonal Slalom,"F,F+,E,E+,D,D+,C,C+,B,B+,A,A+,S,S+,SS,SS+,SSS,SSS+,X",Snow,140,12,"Helsinki, Finland",3,60,2970,28512,Automatic,3,No,FOWL INNOVATIONS
Vendsyssel National,"F,F+,E,E+,D,D+,C,C+,B,B+,A,A+,S,S+,SS,SS+,SSS,SSS+,X",Snow,180,12,"Hjørring, Denmark",3,60,3300,31680,Automatic,3,No,AVIAN RACING
La Sierra Pique,"F,F+,E,E+,D,D+,C,C+,B,B+,A,A+,S,S+,SS,SS+,SSS,SSS+,X",Snow,120,12,"Quito, Ecuador",3,60,3300,31680,Automatic,3,No,BeakBets Limited
Mokhotlong Measure,"F,F+,E,E+,D,D+,C,C+,B,B+,A,A+,S,S+,SS,SS+,SSS,SSS+,X",Snow,160,12,"Mokhotlong, Lesotho",3,60,3960,38016,Automatic,3,No,FOWL INNOVATIONS
Kolašin Run,"F,F+,E,E+,D,D+,C,C+,B,B+,A,A+,S,S+,SS,SS+,SSS,SSS+,X",Snow,200,12,"Kolašin, Montenegro",3,60,4620,44352,Automatic,3,No,BLUE ROOSTER
120 Wake,"F,F+,E,E+,D,D+,C,C+,B,B+,A,A+,S,S+,SS,SS+,SSS,SSS+,X",Track,120,12,"Bujumbura, Burundi",3,60,3960,38016,Automatic,3,No,GoldenNest & Co
Southern Summit,"F,F+,E,E+,D,D+,C,C+,B,B+,A,A+,S,S+,SS,SS+,SSS,SSS+,X",Track,140,12,"Seoul, South Korea",3,60,2640,25344,Automatic,3,No,BLUE ROOSTER
Prague Track,"F,F+,E,E+,D,D+,C,C+,B,B+,A,A+,S,S+,SS,SS+,SSS,SSS+,X",Track,180,12,"Prague, Czech Republic",3,60,2640,25344,Automatic,3,No,BeakBets Limited
100 Bolt,"F,F+,E,E+,D,D+,C,C+,B,B+,A,A+,S,S+,SS,SS+,SSS,SSS+,X",Track,100,12,"Kingston, Jamaica",3,60,2640,25344,Automatic,3,No,AVIAN RACING
Lusaka Meet,"F,F+,E,E+,D,D+,C,C+,B,B+,A,A+,S,S+,SS,SS+,SSS,SSS+,X",Track,160,12,"Lusaka, Zambia",3,60,2970,28512,Automatic,3,No,FOWL INNOVATIONS
Fox Chase,"F,F+,E,E+,D,D+,C,C+,B,B+,A,A+,S,S+,SS,SS+,SSS,SSS+,X",Track,200,12,"Ottawa, Canada",3,60,3300,31680,Automatic,3,No,BLUE ROOSTER
Tokyo Trot,"F,F+,E,E+,D,D+,C,C+,B,B+,A,A+,S,S+,SS,SS+,SSS,SSS+,X",Dirt,120,12,"Córdoba, Argentina",3,60,4620,44352,Automatic,3,No,FOWL INNOVATIONS
Ulaanbaatar Unite,"F,F+,E,E+,D,D+,C,C+,B,B+,A,A+,S,S+,SS,SS+,SSS,SSS+,X",Dirt,140,12,"Vagharshapat, Armenia",3,60,2970,28512,Automatic,3,No,BLUE ROOSTER
Valencia Victory,"F,F+,E,E+,D,D+,C,C+,B,B+,A,A+,S,S+,SS,SS+,SSS,SSS+,X",Dirt,200,12,"Bologna, Italy",3,60,3300,31680,Automatic,3,No,AVIAN RACING
Wellington Wager,"F,F+,E,E+,D,D+,C,C+,B,B+,A,A+,S,S+,SS,SS+,SSS,SSS+,X",Dirt,100,12,"Capiatá, Paraguay",3,60,2970,28512,Automatic,3,No,GoldenNest & Co
Xian Xtasy,"F,F+,E,E+,D,D+,C,C+,B,B+,A,A+,S,S+,SS,SS+,SSS,SSS+,X",Dirt,160,12,"Dakar, Senegal",3,60,3300,31680,Automatic,3,No,BeakBets Limited
Yokohama Yomp,"F,F+,E,E+,D,D+,C,C+,B,B+,A,A+,S,S+,SS,SS+,SSS,SSS+,X",Dirt,180,12,"Kathmandu, Nepal",3,60,3960,38016,Automatic,3,No,AVIAN RACING
Zurich Zigzag,"F,F+,E,E+,D,D+,C,C+,B,B+,A,A+,S,S+,SS,SS+,SSS,SSS+,X",Grass,120,12,"Split, Croatia",3,60,3960,38016,Automatic,3,No,BeakBets Limited
Oslo Ostrich Odyssey,"F,F+,E,E+,D,D+,C,C+,B,B+,A,A+,S,S+,SS,SS+,SSS,SSS+,X",Grass,160,12,"Cunhinga, Angola",3,60,4620,44352,Automatic,3,No,FOWL INNOVATIONS
Quebec Quill Quest,"F,F+,E,E+,D,D+,C,C+,B,B+,A,A+,S,S+,SS,SS+,SSS,SSS+,X",Grass,180,12,"Rio de Janeiro, Brazil",3,60,2640,25344,Automatic,3,No,GoldenNest & Co
Riyadh Rooster Rally,"F,F+,E,E+,D,D+,C,C+,B,B+,A,A+,S,S+,SS,SS+,SSS,SSS+,X",Grass,100,12,"Malabo, Equatorial Guinea",3,60,4620,44352,Automatic,3,No,BeakBets Limited
Santiago Strut Stroll,"F,F+,E,E+,D,D+,C,C+,B,B+,A,A+,S,S+,SS,SS+,SSS,SSS+,X",Grass,140,12,"Ulaanbaatar, Mongolia",3,60,2640,25344,Automatic,3,No,BLUE ROOSTER
Tbilisi Turkey Trek,"F,F+,E,E+,D,D+,C,C+,B,B+,A,A+,S,S+,SS,SS+,SSS,SSS+,X",Grass,200,12,"York, United Kingdom",3,60,2970,28512,Automatic,3,No,AVIAN RACING
Zagreb Zoo Zinger,"F,F+,E,E+,D,D+,C,C+,B,B+,A,A+,S,S+,SS,SS+,SSS,SSS+,X",Road,100,12,"Denver, USA",3,60,2970,28512,Automatic,3,No,GoldenNest & Co
Helsinki Hen Hop,"F,F+,E,E+,D,D+,C,C+,B,B+,A,A+,S,S+,SS,SS+,SSS,SSS+,X",Road,160,12,"Hanoi, Vietnam",3,60,3300,31680,Automatic,3,No,BLUE ROOSTER
Casablanca Caper,"F,F+,E,E+,D,D+,C,C+,B,B+,A,A+,S,S+,SS,SS+,SSS,SSS+,X",Road,200,12,"City of Manila, Philippines",3,60,3960,38016,Automatic,3,No,AVIAN RACING
Detroit Duck Derby,"F,F+,E,E+,D,D+,C,C+,B,B+,A,A+,S,S+,SS,SS+,SSS,SSS+,X",Road,120,12,"Asitey, Ghana",3,60,3300,31680,Automatic,3,No,GoldenNest & Co
Ecuador Eggscursion,"F,F+,E,E+,D,D+,C,C+,B,B+,A,A+,S,S+,SS,SS+,SSS,SSS+,X",Road,140,12,"Daejeon, South Korea",3,60,3960,38016,Automatic,3,No,FOWL INNOVATIONS
Fiji Flock Frolic,"F,F+,E,E+,D,D+,C,C+,B,B+,A,A+,S,S+,SS,SS+,SSS,SSS+,X",Road,180,12,"Bissau, Guinea-Bissau",3,60,4620,44352,Automatic,3,No,BeakBets Limited
Farmyard Campaign,"F,F+,E,E+,D,D+,C,C+,B,B+,A,A+,S,S+,SS,SS+,SSS,SSS+,X",Dirt,120,12,"Jim's Farm, United Kingdom",3,60,1320,12672,Automatic,4,No,FOWL INNOVATIONS
Ouando Shop,"F,F+,E,E+,D,D+,C,C+,B,B+,A,A+,S,S+,SS,SS+,SSS,SSS+,X",Dirt,200,12,"Porto-Novo, Benin",3,60,1450,13920,Automatic,4,No,BLUE ROOSTER
The Chicken Caper,"F,F+,E,E+,D,D+,C,C+,B,B+,A,A+,S,S+,SS,SS+,SSS,SSS+,X",Dirt,100,12,"Tasiilaq, Greenland",3,60,1980,19008,Automatic,4,No,AVIAN RACING
Long Island Stakes,"F,F+,E,E+,D,D+,C,C+,B,B+,A,A+,S,S+,SS,SS+,SSS,SSS+,X",Dirt,140,12,"New York City, USA",3,60,1320,12672,Automatic,4,No,FOWL INNOVATIONS
The 160 Way,"F,F+,E,E+,D,D+,C,C+,B,B+,A,A+,S,S+,SS,SS+,SSS,SSS+,X",Dirt,160,12,"Merrittville, Canada",3,60,1850,17760,Automatic,4,No,GoldenNest & Co
8 River Race,"F,F+,E,E+,D,D+,C,C+,B,B+,A,A+,S,S+,SS,SS+,SSS,SSS+,X",Dirt,180,12,"Kathmandu, Nepal",3,60,1980,19008,Automatic,4,No,BeakBets Limited
Bhopal Local,"F,F+,E,E+,D,D+,C,C+,B,B+,A,A+,S,S+,SS,SS+,SSS,SSS+,X",Grass,140,12,"Bhopal, India",3,60,1650,15840,Automatic,4,No,FOWL INNOVATIONS
Over O'Higgins,"F,F+,E,E+,D,D+,C,C+,B,B+,A,A+,S,S+,SS,SS+,SSS,SSS+,X",Grass,180,12,"Santiago, Chile",3,60,1850,17760,Automatic,4,No,GoldenNest & Co
Városliget Sprintel,"F,F+,E,E+,D,D+,C,C+,B,B+,A,A+,S,S+,SS,SS+,SSS,SSS+,X",Grass,100,12,"Budapest, Hungary",3,60,1450,13920,Automatic,4,No,BeakBets Limited
Demeter's Folly,"F,F+,E,E+,D,D+,C,C+,B,B+,A,A+,S,S+,SS,SS+,SSS,SSS+,X",Grass,200,12,"Athens, Greece",3,60,1650,15840,Automatic,4,No,GoldenNest & Co
Daily Pass,"F,F+,E,E+,D,D+,C,C+,B,B+,A,A+,S,S+,SS,SS+,SSS,SSS+,X",Grass,120,12,"Taunggyi, Myanmar",3,60,1320,12672,Automatic,4,No,BLUE ROOSTER
Riverside Race,"F,F+,E,E+,D,D+,C,C+,B,B+,A,A+,S,S+,SS,SS+,SSS,SSS+,X",Grass,160,12,"Paramaribo, Suriname",3,60,1450,13920,Automatic,4,No,AVIAN RACING
Academy Annual,"F,F+,E,E+,D,D+,C,C+,B,B+,A,A+,S,S+,SS,SS+,SSS,SSS+,X",Road,160,12,"Warsaw, Poland",3,60,1980,19008,Automatic,4,No,BeakBets Limited
Canary Marathon,"F,F+,E,E+,D,D+,C,C+,B,B+,A,A+,S,S+,SS,SS+,SSS,SSS+,X",Road,200,12,"London, United Kingdom",3,60,1320,12672,Automatic,4,No,GoldenNest & Co
Monrovia City Sprint,"F,F+,E,E+,D,D+,C,C+,B,B+,A,A+,S,S+,SS,SS+,SSS,SSS+,X",Road,120,12,"Monrovia, Liberia",3,60,1850,17760,Automatic,4,No,BLUE ROOSTER
Carretera Central,"F,F+,E,E+,D,D+,C,C+,B,B+,A,A+,S,S+,SS,SS+,SSS,SSS+,X",Road,180,12,"San Juan, Puerto Rico",3,60,1980,19008,Automatic,4,No,AVIAN RACING
Dam Square Derby,"F,F+,E,E+,D,D+,C,C+,B,B+,A,A+,S,S+,SS,SS+,SSS,SSS+,X",Road,100,12,"Amsterdam, Netherlands",3,60,1650,15840,Automatic,4,No,FOWL INNOVATIONS
Race Of Fame,"F,F+,E,E+,D,D+,C,C+,B,B+,A,A+,S,S+,SS,SS+,SSS,SSS+,X",Road,140,12,"Los Angeles, USA",3,60,1850,17760,Automatic,4,No,FOWL INNOVATIONS
Grand Caper,"F,F+,E,E+,D,D+,C,C+,B,B+,A,A+,S,S+,SS,SS+,SSS,SSS+,X",Rock,160,12,"Las Palmas, Spain",3,60,1450,13920,Automatic,4,No,BeakBets Limited
Mogotón Hike,"F,F+,E,E+,D,D+,C,C+,B,B+,A,A+,S,S+,SS,SS+,SSS,SSS+,X",Rock,180,12,"Ocotal, Nicaragua",3,60,1650,15840,Automatic,4,No,FOWL INNOVATIONS
Bridge Crossing,"F,F+,E,E+,D,D+,C,C+,B,B+,A,A+,S,S+,SS,SS+,SSS,SSS+,X",Rock,120,12,"Córdoba, Spain",3,60,1850,17760,Automatic,4,No,AVIAN RACING
Doyle's Drop,"F,F+,E,E+,D,D+,C,C+,B,B+,A,A+,S,S+,SS,SS+,SSS,SSS+,X",Rock,140,12,"Maya Mountains, Belize",3,60,1450,13920,Automatic,4,No,BeakBets Limited
Aubari Climb,"F,F+,E,E+,D,D+,C,C+,B,B+,A,A+,S,S+,SS,SS+,SSS,SSS+,X",Rock,100,12,"Ainaro, Timor-Leste",3,60,1980,19008,Automatic,4,No,BLUE ROOSTER
Goa Gobble Gallop,"F,F+,E,E+,D,D+,C,C+,B,B+,A,A+,S,S+,SS,SS+,SSS,SSS+,X",Rock,200,12,"Georgetown, Guyana",3,60,1320,12672,Automatic,4,No,GoldenNest & Co
Rajasthan Sprint,"F,F+,E,E+,D,D+,C,C+,B,B+,A,A+,S,S+,SS,SS+,SSS,SSS+,X",Sand,100,12,"Jaipur, India",3,60,1850,17760,Automatic,4,No,GoldenNest & Co
Cruz De Praia,"F,F+,E,E+,D,D+,C,C+,B,B+,A,A+,S,S+,SS,SS+,SSS,SSS+,X",Sand,140,12,"Praia de Galápos, Portugal",3,60,1980,19008,Automatic,4,No,BLUE ROOSTER
Playa Pass,"F,F+,E,E+,D,D+,C,C+,B,B+,A,A+,S,S+,SS,SS+,SSS,SSS+,X",Sand,160,12,"Montevideo, Uruguay",3,60,1650,15840,Automatic,4,No,BeakBets Limited
Island Race,"F,F+,E,E+,D,D+,C,C+,B,B+,A,A+,S,S+,SS,SS+,SSS,SSS+,X",Sand,180,12,"Floating City, Bahrain",3,60,1850,17760,Automatic,4,No,AVIAN RACING
Tamarindo Cross,"F,F+,E,E+,D,D+,C,C+,B,B+,A,A+,S,S+,SS,SS+,SSS,SSS+,X",Sand,120,12,"Tamarindo, Costa Rica",3,60,1450,13920,Automatic,4,No,FOWL INNOVATIONS
Viti Levu Veitau Cici,"F,F+,E,E+,D,D+,C,C+,B,B+,A,A+,S,S+,SS,SS+,SSS,SSS+,X",Sand,200,12,"Pacific Harbour, Fiji",3,60,1650,15840,Automatic,4,No,BeakBets Limited
Maurice Wander,"F,F+,E,E+,D,D+,C,C+,B,B+,A,A+,S,S+,SS,SS+,SSS,SSS+,X",Snow,160,12,"St. Moritz, Switzerland",3,60,1320,12672,Automatic,4,No,GoldenNest & Co
Maurice Walk,"F,F+,E,E+,D,D+,C,C+,B,B+,A,A+,S,S+,SS,SS+,SSS,SSS+,X",Snow,120,12,"St. Moritz, Switzerland",3,60,1320,12672,Automatic,4,No,AVIAN RACING
Lesotho Length,"F,F+,E,E+,D,D+,C,C+,B,B+,A,A+,S,S+,SS,SS+,SSS,SSS+,X",Snow,160,12,"Mokhotlong, Lesotho",3,60,1450,13920,Automatic,4,No,GoldenNest & Co
Andes Peak,"F,F+,E,E+,D,D+,C,C+,B,B+,A,A+,S,S+,SS,SS+,SSS,SSS+,X",Snow,140,12,"Mendoza, Argentina",3,60,1980,19008,Automatic,4,No,BLUE ROOSTER
Raidāk River Raise,"F,F+,E,E+,D,D+,C,C+,B,B+,A,A+,S,S+,SS,SS+,SSS,SSS+,X",Snow,200,12,"Thimphu, Bhutan",3,60,1320,12672,Automatic,4,No,BeakBets Limited
Mostar Cross,"F,F+,E,E+,D,D+,C,C+,B,B+,A,A+,S,S+,SS,SS+,SSS,SSS+,X",Snow,100,12,"Mostar, Bosnia and Herzegovina",3,60,1320,12672,Automatic,4,No,FOWL INNOVATIONS
Bauernhof Lopp,"F,F+,E,E+,D,D+,C,C+,B,B+,A,A+,S,S+,SS,SS+,SSS,SSS+,X",Snow,180,12,"Matfors, Sweden",3,60,1980,19008,Automatic,4,No,AVIAN RACING
European Meet,"F,F+,E,E+,D,D+,C,C+,B,B+,A,A+,S,S+,SS,SS+,SSS,SSS+,X",Track,120,12,"Brussels, Belgium",3,60,1650,15840,Automatic,4,No,BLUE ROOSTER
Capital Meet,"F,F+,E,E+,D,D+,C,C+,B,B+,A,A+,S,S+,SS,SS+,SSS,SSS+,X",Track,200,12,"Sofia, Bulgaria",3,60,1850,17760,Automatic,4,No,AVIAN RACING
100m Free,"F,F+,E,E+,D,D+,C,C+,B,B+,A,A+,S,S+,SS,SS+,SSS,SSS+,X",Track,100,12,"Freetown, Sierra Leone",3,60,1450,13920,Automatic,4,No,GoldenNest & Co
Oslo Meet,"F,F+,E,E+,D,D+,C,C+,B,B+,A,A+,S,S+,SS,SS+,SSS,SSS+,X",Track,160,12,"Oslo, Norway",3,60,1650,15840,Automatic,4,No,FOWL INNOVATIONS
140 GP,"F,F+,E,E+,D,D+,C,C+,B,B+,A,A+,S,S+,SS,SS+,SSS,SSS+,X",Track,140,12,Monaco,3,60,1320,12672,Automatic,4,No,BeakBets Limited
Local Meet,"F,F+,E,E+,D,D+,C,C+,B,B+,A,A+,S,S+,SS,SS+,SSS,SSS+,X",Track,180,12,"Bogotá, Colombia",3,60,1450,13920,Automatic,4,No,BLUE ROOSTER
Helsinki Hootenanny,"F,F+,E,E+,D,D+,C,C+,B,B+,A,A+,S,S+,SS,SS+,SSS,SSS+,X",Dirt,120,12,"Jim's Farm, United Kingdom",3,60,1320,12672,Automatic,4,No,FOWL INNOVATIONS
Jakarta Jolly Jaunt,"F,F+,E,E+,D,D+,C,C+,B,B+,A,A+,S,S+,SS,SS+,SSS,SSS+,X",Dirt,200,12,"Porto-Novo, Benin",3,60,1450,13920,Automatic,4,No,BLUE ROOSTER
Kyoto Keen Kluckers,"F,F+,E,E+,D,D+,C,C+,B,B+,A,A+,S,S+,SS,SS+,SSS,SSS+,X",Dirt,100,12,"Tasiilaq, Greenland",3,60,1980,19008,Automatic,4,No,AVIAN RACING
Lima Luminous Lap,"F,F+,E,E+,D,D+,C,C+,B,B+,A,A+,S,S+,SS,SS+,SSS,SSS+,X",Dirt,140,12,"New York City, USA",3,60,1320,12672,Automatic,4,No,FOWL INNOVATIONS
Perth Poultry Plunge,"F,F+,E,E+,D,D+,C,C+,B,B+,A,A+,S,S+,SS,SS+,SSS,SSS+,X",Dirt,160,12,"Merrittville, Canada",3,60,1850,17760,Automatic,4,No,GoldenNest & Co
Quebec Quirk Quiver,"F,F+,E,E+,D,D+,C,C+,B,B+,A,A+,S,S+,SS,SS+,SSS,SSS+,X",Dirt,180,12,"Kathmandu, Nepal",3,60,1980,19008,Automatic,4,No,BeakBets Limited
Zagreb Zany Zest,"F,F+,E,E+,D,D+,C,C+,B,B+,A,A+,S,S+,SS,SS+,SSS,SSS+,X",Grass,140,12,"Bhopal, India",3,60,1650,15840,Automatic,4,No,FOWL INNOVATIONS
Brisbane Birdy Brawl,"F,F+,E,E+,D,D+,C,C+,B,B+,A,A+,S,S+,SS,SS+,SSS,SSS+,X",Grass,180,12,"Santiago, Chile",3,60,1850,17760,Automatic,4,No,GoldenNest & Co
Chicago Chicken Circuit,"F,F+,E,E+,D,D+,C,C+,B,B+,A,A+,S,S+,SS,SS+,SSS,SSS+,X",Grass,100,12,"Budapest, Hungary",3,60,1450,13920,Automatic,4,No,BeakBets Limited
Doha Daring Dash,"F,F+,E,E+,D,D+,C,C+,B,B+,A,A+,S,S+,SS,SS+,SSS,SSS+,X",Grass,200,12,"Athens, Greece",3,60,1650,15840,Automatic,4,No,GoldenNest & Co
Fiji Feathered Fiasco,"F,F+,E,E+,D,D+,C,C+,B,B+,A,A+,S,S+,SS,SS+,SSS,SSS+,X",Grass,120,12,"Taunggyi, Myanmar",3,60,1320,12672,Automatic,4,No,BLUE ROOSTER
Nairobi Nifty Nudge,"F,F+,E,E+,D,D+,C,C+,B,B+,A,A+,S,S+,SS,SS+,SSS,SSS+,X",Grass,160,12,"Paramaribo, Suriname",3,60,1450,13920,Automatic,4,No,AVIAN RACING
Fiji Flash,"F,F+,E,E+,D,D+,C,C+,B,B+,A,A+,S,S+,SS,SS+,SSS,SSS+,X",Road,160,12,"Warsaw, Poland",3,60,1980,19008,Automatic,4,No,BeakBets Limited
Estonia Endurance,"F,F+,E,E+,D,D+,C,C+,B,B+,A,A+,S,S+,SS,SS+,SSS,SSS+,X",Road,200,12,"London, United Kingdom",3,60,1320,12672,Automatic,4,No,GoldenNest & Co
Chicago Charge,"F,F+,E,E+,D,D+,C,C+,B,B+,A,A+,S,S+,SS,SS+,SSS,SSS+,X",Road,120,12,"Monrovia, Liberia",3,60,1850,17760,Automatic,4,No,BLUE ROOSTER
Goa Gala,"F,F+,E,E+,D,D+,C,C+,B,B+,A,A+,S,S+,SS,SS+,SSS,SSS+,X",Road,180,12,"San Juan, Puerto Rico",3,60,1980,19008,Automatic,4,No,AVIAN RACING
Helsinki Hurdle,"F,F+,E,E+,D,D+,C,C+,B,B+,A,A+,S,S+,SS,SS+,SSS,SSS+,X",Road,100,12,"Amsterdam, Netherlands",3,60,1650,15840,Automatic,4,No,FOWL INNOVATIONS
Medieval Mud,"F,F+,E,E+,D,D+,C,C+,B,B+,A,A+,S,S+,SS,SS+,SSS,SSS+,X",Dirt,120,12,"Lucerne, Switzerland",3,60,590,5664,Automatic,5,No,GoldenNest & Co
Lake Trudge,"F,F+,E,E+,D,D+,C,C+,B,B+,A,A+,S,S+,SS,SS+,SSS,SSS+,X",Dirt,140,12,"Erie, USA",3,60,690,6624,Automatic,5,No,BLUE ROOSTER
Tender Chicken,"F,F+,E,E+,D,D+,C,C+,B,B+,A,A+,S,S+,SS,SS+,SSS,SSS+,X",Dirt,200,12,"Mt. Vesuvius, Italy",3,60,890,8544,Automatic,5,No,AVIAN RACING
Valentine Chase,"F,F+,E,E+,D,D+,C,C+,B,B+,A,A+,S,S+,SS,SS+,SSS,SSS+,X",Dirt,100,12,"Capiatá, Paraguay",3,60,690,6624,Automatic,5,No,BeakBets Limited
Little 160,"F,F+,E,E+,D,D+,C,C+,B,B+,A,A+,S,S+,SS,SS+,SSS,SSS+,X",Dirt,160,12,"Vienna, Austria",3,60,890,8544,Automatic,5,No,BLUE ROOSTER
Mahalakshmi Cross,"F,F+,E,E+,D,D+,C,C+,B,B+,A,A+,S,S+,SS,SS+,SSS,SSS+,X",Dirt,180,12,"Mumbai, India",3,60,790,7584,Automatic,5,No,FOWL INNOVATIONS
Pacific Tide,"F,F+,E,E+,D,D+,C,C+,B,B+,A,A+,S,S+,SS,SS+,SSS,SSS+,X",Grass,120,12,"Romanum, Micronesia",3,60,790,7584,Automatic,5,No,GoldenNest & Co
Grass Trial,"F,F+,E,E+,D,D+,C,C+,B,B+,A,A+,S,S+,SS,SS+,SSS,SSS+,X",Grass,140,12,"Chişinău, Moldova",3,60,990,9504,Automatic,5,No,FOWL INNOVATIONS
City Cross,"F,F+,E,E+,D,D+,C,C+,B,B+,A,A+,S,S+,SS,SS+,SSS,SSS+,X",Grass,180,12,"Antananarivo, Madagascar",3,60,590,5664,Automatic,5,No,BeakBets Limited
Taipei Sprint,"F,F+,E,E+,D,D+,C,C+,B,B+,A,A+,S,S+,SS,SS+,SSS,SSS+,X",Grass,100,12,"Taipei, Taiwan",3,60,990,9504,Automatic,5,No,AVIAN RACING
Žolė Lenktynės,"F,F+,E,E+,D,D+,C,C+,B,B+,A,A+,S,S+,SS,SS+,SSS,SSS+,X",Grass,160,12,"Vilnius, Lithuania",3,60,590,5664,Automatic,5,No,BLUE ROOSTER
Jardim Gate,"F,F+,E,E+,D,D+,C,C+,B,B+,A,A+,S,S+,SS,SS+,SSS,SSS+,X",Grass,200,12,"Dili, Timor-Leste",3,60,690,6624,Automatic,5,No,GoldenNest & Co
Pauper's Peck,"F,F+,E,E+,D,D+,C,C+,B,B+,A,A+,S,S+,SS,SS+,SSS,SSS+,X",Road,100,12,"Port-au-Prince, Haiti",3,60,690,6624,Automatic,5,No,BLUE ROOSTER
China Trial,"F,F+,E,E+,D,D+,C,C+,B,B+,A,A+,S,S+,SS,SS+,SSS,SSS+,X",Road,160,12,"Chongqing, China",3,60,890,8544,Automatic,5,No,FOWL INNOVATIONS
Secretary 's Wash,"F,F+,E,E+,D,D+,C,C+,B,B+,A,A+,S,S+,SS,SS+,SSS,SSS+,X",Road,180,12,"Granada, Nicaragua",3,60,790,7584,Automatic,5,No,BeakBets Limited
Starý Most Beginners Cross,"F,F+,E,E+,D,D+,C,C+,B,B+,A,A+,S,S+,SS,SS+,SSS,SSS+,X",Road,120,12,"Bratislava, Slovakia",3,60,890,8544,Automatic,5,No,AVIAN RACING
Mexico City Meet,"F,F+,E,E+,D,D+,C,C+,B,B+,A,A+,S,S+,SS,SS+,SSS,SSS+,X",Road,140,12,"Mexico City, Mexico",3,60,790,7584,Automatic,5,No,GoldenNest & Co
Beginners Marathon,"F,F+,E,E+,D,D+,C,C+,B,B+,A,A+,S,S+,SS,SS+,SSS,SSS+,X",Road,200,12,"Yokohama, Japan",3,60,990,9504,Automatic,5,No,BeakBets Limited
City Rock,"F,F+,E,E+,D,D+,C,C+,B,B+,A,A+,S,S+,SS,SS+,SSS,SSS+,X",Rock,100,12,"Nicosia, Cyprus",3,60,990,9504,Automatic,5,No,AVIAN RACING
Uluru Trail,"F,F+,E,E+,D,D+,C,C+,B,B+,A,A+,S,S+,SS,SS+,SSS,SSS+,X",Rock,160,12,"Uluru, Australia",3,60,590,5664,Automatic,5,No,BLUE ROOSTER
The Long Climb,"F,F+,E,E+,D,D+,C,C+,B,B+,A,A+,S,S+,SS,SS+,SSS,SSS+,X",Rock,200,12,"Naryn, Kyrgyzstan",3,60,690,6624,Automatic,5,No,GoldenNest & Co
Barbados Break,"F,F+,E,E+,D,D+,C,C+,B,B+,A,A+,S,S+,SS,SS+,SSS,SSS+,X",Rock,120,12,"Bridgetown, Barbados",3,60,590,5664,Automatic,5,No,GoldenNest & Co
Timed Trail,"F,F+,E,E+,D,D+,C,C+,B,B+,A,A+,S,S+,SS,SS+,SSS,SSS+,X",Rock,140,12,"Denizli, Turkey",3,60,690,6624,Automatic,5,No,BeakBets Limited
South American Medal,"F,F+,E,E+,D,D+,C,C+,B,B+,A,A+,S,S+,SS,SS+,SSS,SSS+,X",Rock,180,12,"Caracas, Venezuela",3,60,890,8544,Automatic,5,No,FOWL INNOVATIONS
Blaauwberg 120 - Practice,"F,F+,E,E+,D,D+,C,C+,B,B+,A,A+,S,S+,SS,SS+,SSS,SSS+,X",Sand,120,12,"Cape Town, South Africa",3,60,890,8544,Automatic,5,No,BeakBets Limited
Mayor's Pass,"F,F+,E,E+,D,D+,C,C+,B,B+,A,A+,S,S+,SS,SS+,SSS,SSS+,X",Sand,140,12,"Auckland, New Zealand",3,60,790,7584,Automatic,5,No,GoldenNest & Co
Mum's Marathon,"F,F+,E,E+,D,D+,C,C+,B,B+,A,A+,S,S+,SS,SS+,SSS,SSS+,X",Sand,180,12,"Margate, UK",3,60,590,5664,Automatic,5,No,BLUE ROOSTER
The Bronze Sprint,"F,F+,E,E+,D,D+,C,C+,B,B+,A,A+,S,S+,SS,SS+,SSS,SSS+,X",Sand,100,12,"Gold Rock Beach, Bahamas",3,60,790,7584,Automatic,5,No,AVIAN RACING
Zacharias Task,"F,F+,E,E+,D,D+,C,C+,B,B+,A,A+,S,S+,SS,SS+,SSS,SSS+,X",Sand,160,12,"Denigomodu, Nauru",3,60,990,9504,Automatic,5,No,AVIAN RACING
Desert Dance,"F,F+,E,E+,D,D+,C,C+,B,B+,A,A+,S,S+,SS,SS+,SSS,SSS+,X",Sand,200,12,"Gao, Mali",3,60,590,5664,Automatic,5,No,FOWL INNOVATIONS
100 Local,"F,F+,E,E+,D,D+,C,C+,B,B+,A,A+,S,S+,SS,SS+,SSS,SSS+,X",Snow,100,12,"Nuuk, Greenland",3,60,990,9504,Automatic,5,No,BeakBets Limited
Mokhotlong Minute,"F,F+,E,E+,D,D+,C,C+,B,B+,A,A+,S,S+,SS,SS+,SSS,SSS+,X",Snow,160,12,"Mokhotlong, Lesotho",3,60,690,6624,Automatic,5,No,FOWL INNOVATIONS
Whitby Way,"F,F+,E,E+,D,D+,C,C+,B,B+,A,A+,S,S+,SS,SS+,SSS,SSS+,X",Snow,180,12,"Whitby, Canada",3,60,890,8544,Automatic,5,No,FOWL INNOVATIONS
Snow Test,"F,F+,E,E+,D,D+,C,C+,B,B+,A,A+,S,S+,SS,SS+,SSS,SSS+,X",Snow,120,12,"Bulguksa, South Korea",3,60,690,6624,Automatic,5,No,GoldenNest & Co
Novice Derby,"F,F+,E,E+,D,D+,C,C+,B,B+,A,A+,S,S+,SS,SS+,SSS,SSS+,X",Snow,140,12,"Tallinn, Estonia",3,60,890,8544,Automatic,5,No,BLUE ROOSTER
Downhill Dance,"F,F+,E,E+,D,D+,C,C+,B,B+,A,A+,S,S+,SS,SS+,SSS,SSS+,X",Snow,200,12,"Thun, Switzerland",3,60,790,7584,Automatic,5,No,AVIAN RACING
Course De Poussins,"F,F+,E,E+,D,D+,C,C+,B,B+,A,A+,S,S+,SS,SS+,SSS,SSS+,X",Track,120,12,"Paris, France",3,60,790,7584,Automatic,5,No,BeakBets Limited
The Big One Forty,"F,F+,E,E+,D,D+,C,C+,B,B+,A,A+,S,S+,SS,SS+,SSS,SSS+,X",Track,140,12,"Itu, Brazil",3,60,990,9504,Automatic,5,No,FOWL INNOVATIONS
Cuxibamba Track,"F,F+,E,E+,D,D+,C,C+,B,B+,A,A+,S,S+,SS,SS+,SSS,SSS+,X",Track,180,12,"Loja, Ecuador",3,60,590,5664,Automatic,5,No,AVIAN RACING
100 Dash,"F,F+,E,E+,D,D+,C,C+,B,B+,A,A+,S,S+,SS,SS+,SSS,SSS+,X",Track,100,12,"Kingston, Jamaica",3,60,990,9504,Automatic,5,No,BLUE ROOSTER
National Stadium Catch,"F,F+,E,E+,D,D+,C,C+,B,B+,A,A+,S,S+,SS,SS+,SSS,SSS+,X",Track,160,12,"Tokyo, Japan",3,60,590,5664,Automatic,5,No,GoldenNest & Co
University Wash,"F,F+,E,E+,D,D+,C,C+,B,B+,A,A+,S,S+,SS,SS+,SSS,SSS+,X",Track,200,12,"Gaborone, Botswana",3,60,690,6624,Automatic,5,No,BLUE ROOSTER
Islamabad Incubation,"F,F+,E,E+,D,D+,C,C+,B,B+,A,A+,S,S+,SS,SS+,SSS,SSS+,X",Dirt,120,12,"Lucerne, Switzerland",3,60,590,5664,Automatic,5,No,GoldenNest & Co
Jakarta Jaunt,"F,F+,E,E+,D,D+,C,C+,B,B+,A,A+,S,S+,SS,SS+,SSS,SSS+,X",Dirt,140,12,"Erie, USA",3,60,690,6624,Automatic,5,No,BLUE ROOSTER
Kyoto Klap,"F,F+,E,E+,D,D+,C,C+,B,B+,A,A+,S,S+,SS,SS+,SSS,SSS+,X",Dirt,200,12,"Mt. Vesuvius, Italy",3,60,890,8544,Automatic,5,No,AVIAN RACING
Lima Lap,"F,F+,E,E+,D,D+,C,C+,B,B+,A,A+,S,S+,SS,SS+,SSS,SSS+,X",Dirt,100,12,"Capiatá, Paraguay",3,60,690,6624,Automatic,5,No,BeakBets Limited
Marseille Meet,"F,F+,E,E+,D,D+,C,C+,B,B+,A,A+,S,S+,SS,SS+,SSS,SSS+,X",Dirt,160,12,"Vienna, Austria",3,60,890,8544,Automatic,5,No,BLUE ROOSTER
Nagasaki Nudge,"F,F+,E,E+,D,D+,C,C+,B,B+,A,A+,S,S+,SS,SS+,SSS,SSS+,X",Dirt,180,12,"Mumbai, India",3,60,790,7584,Automatic,5,No,FOWL INNOVATIONS
Osaka Outrun,"F,F+,E,E+,D,D+,C,C+,B,B+,A,A+,S,S+,SS,SS+,SSS,SSS+,X",Grass,120,12,"Romanum, Micronesia",3,60,790,7584,Automatic,5,No,GoldenNest & Co
Panama Parade,"F,F+,E,E+,D,D+,C,C+,B,B+,A,A+,S,S+,SS,SS+,SSS,SSS+,X",Grass,140,12,"Chişinău, Moldova",3,60,990,9504,Automatic,5,No,FOWL INNOVATIONS
Quito Quest,"F,F+,E,E+,D,D+,C,C+,B,B+,A,A+,S,S+,SS,SS+,SSS,SSS+,X",Grass,180,12,"Antananarivo, Madagascar",3,60,590,5664,Automatic,5,No,BeakBets Limited
Brisbane Blaze,"F,F+,E,E+,D,D+,C,C+,B,B+,A,A+,S,S+,SS,SS+,SSS,SSS+,X",Grass,100,12,"Taipei, Taiwan",3,60,990,9504,Automatic,5,No,AVIAN RACING
Santiago Sprint,"F,F+,E,E+,D,D+,C,C+,B,B+,A,A+,S,S+,SS,SS+,SSS,SSS+,X",Grass,160,12,"Vilnius, Lithuania",3,60,590,5664,Automatic,5,No,BLUE ROOSTER
Tashkent Trek,"F,F+,E,E+,D,D+,C,C+,B,B+,A,A+,S,S+,SS,SS+,SSS,SSS+,X",Grass,200,12,"Dili, Timor-Leste",3,60,690,6624,Automatic,5,No,GoldenNest & Co
Adelaide Affair,"F,F+,E,E+,D,D+,C,C+,B,B+,A,A+,S,S+,SS,SS+,SSS,SSS+,X",Road,100,12,"Port-au-Prince, Haiti",3,60,690,6624,Automatic,5,No,BLUE ROOSTER
Brisbane Bonanza,"F,F+,E,E+,D,D+,C,C+,B,B+,A,A+,S,S+,SS,SS+,SSS,SSS+,X",Road,160,12,"Chongqing, China",3,60,890,8544,Automatic,5,No,FOWL INNOVATIONS
Chicago Circuit,"F,F+,E,E+,D,D+,C,C+,B,B+,A,A+,S,S+,SS,SS+,SSS,SSS+,X",Road,180,12,"Granada, Nicaragua",3,60,790,7584,Automatic,5,No,BeakBets Limited
Doha Dash,"F,F+,E,E+,D,D+,C,C+,B,B+,A,A+,S,S+,SS,SS+,SSS,SSS+,X",Road,120,12,"Bratislava, Slovakia",3,60,890,8544,Automatic,5,No,AVIAN RACING
Estonia Egg,"F,F+,E,E+,D,D+,C,C+,B,B+,A,A+,S,S+,SS,SS+,SSS,SSS+,X",Road,140,12,"Mexico City, Mexico",3,60,790,7584,Automatic,5,No,GoldenNest & Co
Fiji Frenzy,"F,F+,E,E+,D,D+,C,C+,B,B+,A,A+,S,S+,SS,SS+,SSS,SSS+,X",Road,200,12,"Yokohama, Japan",3,60,990,9504,Automatic,5,No,BeakBets Limited