[
  {
    "trait": "heritage",
    "value": "Serama",
    "serums": 18
  },
  {
    "trait": "heritage",
    "value": "Sultan",
    "serums": 12
  },
  {
    "trait": "heritage",
    "value": "Lakenvelder",
    "serums": 7
  },
  {
    "trait": "heritage",
    "value": "Dorking",
    "serums": 4
  },
  {
    "trait": "perfection",
    "value": 100,
    "serums": 25
  },
  {
    "trait": "perfection",
    "value": 99,
    "serums": 20
  },
  {
    "trait": "perfection",
    "value": 98,
    "serums": 17
  },
  {
    "trait": "perfection",
    "value": 97,
    "serums": 14
  },
  {
    "trait": "perfection",
    "value": 96,
    "serums": 12
  },
  {
    "trait": "perfection",
    "value": 95,
    "serums": 10
  },
  {
    "trait": "perfection",
    "value": 94,
    "serums": 8
  },
  {
    "trait": "perfection",
    "value": 93,
    "serums": 6
  },
  {
    "trait": "perfection",
    "value": 92,
    "serums": 4
  },
  {
    "trait": "perfection",
    "value": 91,
    "serums": 2
  },
  {
    "trait": "perfection",
    "value": 90,
    "serums": 1
  },
  {
    "trait": "talent",
    "value": "Black Hole",
    "serums": 16
  },
  {
    "trait": "talent",
    "value": "Royal Procession",
    "serums": 16
  },
  {
    "trait": "talent",
    "value": "Moving Walkway",
    "serums": 12
  },
  {
    "trait": "talent",
    "value": "Devolution",
    "serums": 12
  },
  {
    "trait": "talent",
    "value": "Cold Snap",
    "serums": 12
  },
  {
    "trait": "talent",
    "value": "Dig",
    "serums": 8
  },
  {
    "trait": "talent",
    "value": "Blue Egg",
    "serums": 8
  },
  {
    "trait": "talent",
    "value": "Fan Group",
    "serums": 8
  },
  {
    "trait": "talent",
    "value": "Helicopter",
    "serums": 8
  },
  {
    "trait": "talent",
    "value": "Jetpack",
    "serums": 8
  },
  {
    "trait": "talent",
    "value": "Rollerblades",
    "serums": 2
  },
  {
    "trait": "talent",
    "value": "Growth",
    "serums": 2
  },
  {
    "trait": "talent",
    "value": "Anvil",
    "serums": 2
  },
  {
    "trait": "talent",
    "value": "Flight?",
    "serums": 2
  },
  {
    "trait": "talent",
    "value": "Blue Rooster",
    "serums": 2
  },
  {
    "trait": "talent",
    "value": "Chickenapult",
    "serums": 2
  },
  {
    "trait": "talent",
    "value": "Coober",
    "serums": 2
  },
  {
    "trait": "talent",
    "value": "CK-47",
    "serums": 2
  },
  {
    "trait": "talent",
    "value": "Machete",
    "serums": 2
  },
  {
    "trait": "talent",
    "value": "Teleport",
    "serums": 2
  },
  {
    "trait": "stripes",
    "value": null,
    "serums": 0
  },
  {
    "trait": "stripes",
    "value": "any",
    "serums": 8
  },
  {
    "trait": "gender",
    "value": "Hen",
    "serums": 2
  },
  {
    "trait": "gender",
    "value": "Rooster",
    "serums": 2
  },
  {
    "trait": "baseBody",
    "value": "Rose",
    "serums": 1
  },
  {
    "trait": "baseBody",
    "value": "Shocking Pink",
    "serums": 1
  },
  {
    "trait": "baseBody",
    "value": "Merah Red",
    "serums": 1
  },
  {
    "trait": "baseBody",
    "value": "Cherry Dusk",
    "serums": 4
  },
  {
    "trait": "baseBody",
    "value": "Istanblue",
    "serums": 1
  },
  {
    "trait": "baseBody",
    "value": "Sapphire",
    "serums": 1
  },
  {
    "trait": "baseBody",
    "value": "Purple Wine",
    "serums": 1
  },
  {
    "trait": "baseBody",
    "value": "Royal Violet",
    "serums": 4
  },
  {
    "trait": "baseBody",
    "value": "Joker's Jade",
    "serums": 1
  },
  {
    "trait": "baseBody",
    "value": "Screamin Green",
    "serums": 1
  },
  {
    "trait": "baseBody",
    "value": "Manic Mint",
    "serums": 1
  },
  {
    "trait": "baseBody",
    "value": "Wild Moss",
    "serums": 4
  },
  {
    "trait": "baseBody",
    "value": "Eggshell",
    "serums": 1
  },
  {
    "trait": "baseBody",
    "value": "Bald Chicken",
    "serums": 1
  },
  {
    "trait": "baseBody",
    "value": "English Mustard",
    "serums": 1
  },
  {
    "trait": "baseBody",
    "value": "Orange Will",
    "serums": 4
  },
  {
    "trait": "baseBody",
    "value": "Classic",
    "serums": 8
  },
  {
    "trait": "baseBody",
    "value": "Black",
    "serums": 12
  },
  {
    "trait": "baseBody",
    "value": "Robot",
    "serums": 12
  },
  {
    "trait": "baseBody",
    "value": "Plucked",
    "serums": 12
  },
  {
    "trait": "baseBody",
    "value": "Runic",
    "serums": 12
  },
  {
    "trait": "baseBody",
    "value": "Translucent Green",
    "serums": 12
  },
  {
    "trait": "baseBody",
    "value": "Translucent Red",
    "serums": 12
  },
  {
    "trait": "baseBody",
    "value": "Translucent Yellow",
    "serums": 12
  },
  {
    "trait": "baseBody",
    "value": "Translucent Purple",
    "serums": 12
  },
  {
    "trait": "beakColor",
    "value": "Yellow",
    "serums": 2
  },
  {
    "trait": "beakColor",
    "value": "Orange",
    "serums": 2
  },
  {
    "trait": "beakColor",
    "value": "Gold",
    "serums": 2
  },
  {
    "trait": "beakColor",
    "value": "White",
    "serums": 5
  },
  {
    "trait": "beakColor",
    "value": "Black",
    "serums": 4
  },
  {
    "trait": "beakColor",
    "value": "Robot",
    "serums": 8
  },
  {
    "trait": "beakColor",
    "value": "Dragon",
    "serums": 8
  },
  {
    "trait": "beakColor",
    "value": "Falcon",
    "serums": 8
  },
  {
    "trait": "beakColor",
    "value": "Glitter",
    "serums": 8
  },
  {
    "trait": "beakAccessory",
    "value": null,
    "serums": 0
  },
  {
    "trait": "beakAccessory",
    "value": "Vampire",
    "serums": 8
  },
  {
    "trait": "beakAccessory",
    "value": "Ring",
    "serums": 8
  },
  {
    "trait": "beakAccessory",
    "value": "Toothpick",
    "serums": 8
  },
  {
    "trait": "beakAccessory",
    "value": "Rose",
    "serums": 8
  },
  {
    "trait": "combWattleColor",
    "value": "Orange",
    "serums": 1
  },
  {
    "trait": "combWattleColor",
    "value": "Green",
    "serums": 1
  },
  {
    "trait": "combWattleColor",
    "value": "Blue",
    "serums": 1
  },
  {
    "trait": "combWattleColor",
    "value": "White",
    "serums": 1
  },
  {
    "trait": "combWattleColor",
    "value": "Red",
    "serums": 1
  },
  {
    "trait": "combWattleColor",
    "value": "Pink",
    "serums": 2
  },
  {
    "trait": "combWattleColor",
    "value": "Black",
    "serums": 2
  },
  {
    "trait": "combWattleColor",
    "value": "Teal",
    "serums": 3
  },
  {
    "trait": "combWattleColor",
    "value": "Yellow",
    "serums": 3
  },
  {
    "trait": "combWattleColor",
    "value": "Purple",
    "serums": 3
  },
  {
    "trait": "combWattleColor",
    "value": "Candy",
    "serums": 3
  },
  {
    "trait": "combWattleColor",
    "value": "Studs",
    "serums": 5
  },
  {
    "trait": "eyesType",
    "value": "Exhausted",
    "serums": 2
  },
  {
    "trait": "eyesType",
    "value": "Cockeyed",
    "serums": 2
  },
  {
    "trait": "eyesType",
    "value": "Beauty",
    "serums": 2
  },
  {
    "trait": "eyesType",
    "value": "Bloodshot",
    "serums": 2
  },
  {
    "trait": "eyesType",
    "value": "Bulging",
    "serums": 2
  },
  {
    "trait": "eyesType",
    "value": "Angry",
    "serums": 2
  },
  {
    "trait": "eyesType",
    "value": "Crosseyed",
    "serums": 2
  },
  {
    "trait": "eyesType",
    "value": "Shocked",
    "serums": 2
  },
  {
    "trait": "eyesType",
    "value": "Sleepy",
    "serums": 2
  },
  {
    "trait": "eyesType",
    "value": "Sad",
    "serums": 2
  },
  {
    "trait": "eyesType",
    "value": "Determined",
    "serums": 2
  },
  {
    "trait": "eyesType",
    "value": "Lizard",
    "serums": 8
  },
  {
    "trait": "eyesType",
    "value": "Eyepatch",
    "serums": 8
  },
  {
    "trait": "eyesType",
    "value": "Alien",
    "serums": 8
  },
  {
    "trait": "eyesType",
    "value": "Robot",
    "serums": 8
  },
  {
    "trait": "eyesType",
    "value": "Owl",
    "serums": 8
  },
  {
    "trait": "eyesType",
    "value": "Buttons",
    "serums": 8
  },
  {
    "trait": "eyesType",
    "value": "Cyclops",
    "serums": 8
  },
  {
    "trait": "eyesType",
    "value": "#N/A",
    "serums": 8
  },
  {
    "trait": "legs",
    "value": "legsHen",
    "serums": 2
  },
  {
    "trait": "legs",
    "value": "legsRooster",
    "serums": 2
  },
  {
    "trait": "legs",
    "value": "legsBlackHen",
    "serums": 12
  },
  {
    "trait": "legs",
    "value": "legsBlackRooster",
    "serums": 12
  },
  {
    "trait": "legs",
    "value": "Blades",
    "serums": 12
  },
  {
    "trait": "legs",
    "value": "Gingerbread",
    "serums": 12
  },
  {
    "trait": "legs",
    "value": "Hooves",
    "serums": 12
  },
  {
    "trait": "terrainPreference",
    "value": "any",
    "serums": 3
  },
  {
    "trait": "distancePreference",
    "value": "any",
    "serums": 3
  },
  {
    "trait": "talentPreference",
    "value": "any",
    "serums": 3
  },
  {
    "trait": "consistency",
    "value": "any",
    "serums": 5
  }
]
