[
  {
    "name": "Medieval Mud",
    "peckingOrder": "S",
    "terrain": "Dirt",
    "distance": 120,
    "maxCapacity": 12,
    "location": "Lucerne, Switzerland",
    "minimumStartDelay": 3,
    "startTime": 60,
    "fee": 0.0003,
    "prizePool": 0.0032,
    "type": "Automatic",
    "group": 5,
    "unlimitPO": "No"
  },
  {
    "name": "Grass Trial",
    "peckingOrder": "A",
    "terrain": "Grass",
    "distance": 140,
    "maxCapacity": 12,
    "location": "Chişinău, Moldova",
    "minimumStartDelay": 3,
    "startTime": 60,
    "fee": 0.0003,
    "prizePool": 0.0032,
    "type": "Automatic",
    "group": 5,
    "unlimitPO": "No"
  },
  {
    "name": "Secretary 's Wash",
    "peckingOrder": "B",
    "terrain": "Road",
    "distance": 180,
    "maxCapacity": 12,
    "location": "Granada, Nicaragua",
    "minimumStartDelay": 3,
    "startTime": 60,
    "fee": 0.0003,
    "prizePool": 0.0032,
    "type": "Automatic",
    "group": 5,
    "unlimitPO": "No"
  },
  {
    "name": "City Rock",
    "peckingOrder": "C",
    "terrain": "Rock",
    "distance": 100,
    "maxCapacity": 12,
    "location": "Nicosia, Cyprus",
    "minimumStartDelay": 3,
    "startTime": 60,
    "fee": 0.0003,
    "prizePool": 0.0032,
    "type": "Automatic",
    "group": 5,
    "unlimitPO": "No"
  },
  {
    "name": "Mayor's Pass",
    "peckingOrder": "D",
    "terrain": "Sand",
    "distance": 140,
    "maxCapacity": 12,
    "location": "Auckland, New Zealand",
    "minimumStartDelay": 3,
    "startTime": 60,
    "fee": 0.0003,
    "prizePool": 0.0032,
    "type": "Automatic",
    "group": 5,
    "unlimitPO": "No"
  },
  {
    "name": "Žolė Lenktynės",
    "peckingOrder": "S",
    "terrain": "Grass",
    "distance": 160,
    "maxCapacity": 12,
    "location": "Vilnius, Lithuania",
    "minimumStartDelay": 3,
    "startTime": 60,
    "fee": 0.0005,
    "prizePool": 0.0054,
    "type": "Automatic",
    "group": 5,
    "unlimitPO": "No"
  },
  {
    "name": "Beginners Marathon",
    "peckingOrder": "A",
    "terrain": "Road",
    "distance": 200,
    "maxCapacity": 12,
    "location": "Yokohama, Japan",
    "minimumStartDelay": 3,
    "startTime": 60,
    "fee": 0.0005,
    "prizePool": 0.0054,
    "type": "Automatic",
    "group": 5,
    "unlimitPO": "No"
  },
  {
    "name": "100 Dash",
    "peckingOrder": "B",
    "terrain": "Track",
    "distance": 100,
    "maxCapacity": 12,
    "location": "Kingston, Jamaica",
    "minimumStartDelay": 3,
    "startTime": 60,
    "fee": 0.0005,
    "prizePool": 0.0054,
    "type": "Automatic",
    "group": 5,
    "unlimitPO": "No"
  },
  {
    "name": "Downhill Dance",
    "peckingOrder": "C",
    "terrain": "Snow",
    "distance": 200,
    "maxCapacity": 12,
    "location": "Thun, Switzerland",
    "minimumStartDelay": 3,
    "startTime": 60,
    "fee": 0.0005,
    "prizePool": 0.0054,
    "type": "Automatic",
    "group": 5,
    "unlimitPO": "No"
  },
  {
    "name": "Barbados Break",
    "peckingOrder": "D",
    "terrain": "Rock",
    "distance": 120,
    "maxCapacity": 12,
    "location": "Bridgetown, Barbados",
    "minimumStartDelay": 3,
    "startTime": 60,
    "fee": 0.0005,
    "prizePool": 0.0054,
    "type": "Automatic",
    "group": 5,
    "unlimitPO": "No"
  },
  {
    "name": "South American Cup",
    "peckingOrder": "D",
    "terrain": "Rock",
    "distance": 180,
    "maxCapacity": 12,
    "location": "Caracas, Venezuela",
    "minimumStartDelay": 3,
    "startTime": 3600,
    "fee": 0.05,
    "prizePool": 0.5400,
    "type": "Automatic",
    "group": 1,
    "unlimitPO": "No"
  }
]
