[
  {
    "name": "European Championship",
    "peckingOrder": "S",
    "terrain": "Dirt",
    "distance": 100,
    "maxCapacity": 12,
    "location": "Luxembourg, Luxembourg",
    "minimumStartDelay": 3,
    "startTime": 3600,
    "fee": 0.05,
    "prizePool": 0.54,
    "type": "Automatic",
    "group": 1,
    "unlimitPO": "No"
  },
  {
    "name": "Panama National",
    "peckingOrder": "A",
    "terrain": "Grass",
    "distance": 160,
    "maxCapacity": 12,
    "location": "Panama City, Panama",
    "minimumStartDelay": 3,
    "startTime": 3600,
    "fee": 0.05,
    "prizePool": 0.54,
    "type": "Automatic",
    "group": 1,
    "unlimitPO": "No"
  },
  {
    "name": "London Marathon",
    "peckingOrder": "B",
    "terrain": "Road",
    "distance": 200,
    "maxCapacity": 12,
    "location": "London, United Kingdom",
    "minimumStartDelay": 3,
    "startTime": 3600,
    "fee": 0.05,
    "prizePool": 0.54,
    "type": "Automatic",
    "group": 1,
    "unlimitPO": "No"
  },
  {
    "name": "Blaauwberg 120",
    "peckingOrder": "C",
    "terrain": "Sand",
    "distance": 120,
    "maxCapacity": 12,
    "location": "Cape Town, South Africa",
    "minimumStartDelay": 3,
    "startTime": 3600,
    "fee": 0.05,
    "prizePool": 0.54,
    "type": "Automatic",
    "group": 1,
    "unlimitPO": "No"
  },
  {
    "name": "Masters Derby",
    "peckingOrder": "D",
    "terrain": "Snow",
    "distance": 140,
    "maxCapacity": 12,
    "location": "Tallinn, Estonia",
    "minimumStartDelay": 3,
    "startTime": 3600,
    "fee": 0.05,
    "prizePool": 0.54,
    "type": "Automatic",
    "group": 1,
    "unlimitPO": "No"
  },
  {
    "name": "Municipal Run",
    "peckingOrder": "B",
    "terrain": "Dirt",
    "distance": 160,
    "maxCapacity": 12,
    "location": "Bălți, Moldova",
    "minimumStartDelay": 3,
    "startTime": 600,
    "fee": 0.01,
    "prizePool": 0.108,
    "type": "Automatic",
    "group": 2,
    "unlimitPO": "No"
  },
  {
    "name": "Belarus Meet",
    "peckingOrder": "S",
    "terrain": "Track",
    "distance": 140,
    "maxCapacity": 12,
    "location": "Mogilev, Belarus",
    "minimumStartDelay": 3,
    "startTime": 600,
    "fee": 0.01,
    "prizePool": 0.108,
    "type": "Automatic",
    "group": 2,
    "unlimitPO": "No"
  },
  {
    "name": "Chairman's Wash",
    "peckingOrder": "A",
    "terrain": "Road",
    "distance": 180,
    "maxCapacity": 12,
    "location": "Granada, Nicaragua",
    "minimumStartDelay": 3,
    "startTime": 600,
    "fee": 0.01,
    "prizePool": 0.108,
    "type": "Automatic",
    "group": 2,
    "unlimitPO": "No"
  },
  {
    "name": "Historic Cross",
    "peckingOrder": "D",
    "terrain": "Sand",
    "distance": 160,
    "maxCapacity": 12,
    "location": "Šibenik, Croatia",
    "minimumStartDelay": 3,
    "startTime": 600,
    "fee": 0.01,
    "prizePool": 0.108,
    "type": "Automatic",
    "group": 2,
    "unlimitPO": "No"
  },
  {
    "name": "The Long Climb",
    "peckingOrder": "C",
    "terrain": "Rock",
    "distance": 200,
    "maxCapacity": 12,
    "location": "Naryn, Kyrgyzstan",
    "minimumStartDelay": 3,
    "startTime": 600,
    "fee": 0.01,
    "prizePool": 0.108,
    "type": "Automatic",
    "group": 2,
    "unlimitPO": "No"
  },
  {
    "name": "Johannesburg Sprint",
    "peckingOrder": "C",
    "terrain": "Track",
    "distance": 100,
    "maxCapacity": 12,
    "location": "Johannesburg, South Africa",
    "minimumStartDelay": 3,
    "startTime": 600,
    "fee": 0.02,
    "prizePool": 0.216,
    "type": "Automatic",
    "group": 2,
    "unlimitPO": "No"
  },
  {
    "name": "Queen's Gambit",
    "peckingOrder": "B",
    "terrain": "Sand",
    "distance": 100,
    "maxCapacity": 12,
    "location": "Victoria, Seychelles",
    "minimumStartDelay": 3,
    "startTime": 600,
    "fee": 0.02,
    "prizePool": 0.216,
    "type": "Automatic",
    "group": 2,
    "unlimitPO": "No"
  },
  {
    "name": "Republic Hop",
    "peckingOrder": "A",
    "terrain": "Rock",
    "distance": 120,
    "maxCapacity": 12,
    "location": "Koror, Palau",
    "minimumStartDelay": 3,
    "startTime": 600,
    "fee": 0.02,
    "prizePool": 0.216,
    "type": "Automatic",
    "group": 2,
    "unlimitPO": "No"
  },
  {
    "name": "Capital Cross",
    "peckingOrder": "D",
    "terrain": "Grass",
    "distance": 180,
    "maxCapacity": 12,
    "location": "Antananarivo, Madagascar",
    "minimumStartDelay": 3,
    "startTime": 600,
    "fee": 0.02,
    "prizePool": 0.216,
    "type": "Automatic",
    "group": 2,
    "unlimitPO": "No"
  },
  {
    "name": "200 Capital",
    "peckingOrder": "S",
    "terrain": "Snow",
    "distance": 200,
    "maxCapacity": 12,
    "location": "Coyhaique, Chile",
    "minimumStartDelay": 3,
    "startTime": 600,
    "fee": 0.02,
    "prizePool": 0.216,
    "type": "Automatic",
    "group": 2,
    "unlimitPO": "No"
  },
  {
    "name": "140m Dash",
    "peckingOrder": "D",
    "terrain": "Dirt",
    "distance": 140,
    "maxCapacity": 12,
    "location": "Vagharshapat, Armenia",
    "minimumStartDelay": 3,
    "startTime": 60,
    "fee": 0.005,
    "prizePool": 0.054,
    "type": "Automatic",
    "group": 3,
    "unlimitPO": "No"
  },
  {
    "name": "The Rio Run",
    "peckingOrder": "S",
    "terrain": "Grass",
    "distance": 180,
    "maxCapacity": 12,
    "location": "Rio de Janeiro, Brazil",
    "minimumStartDelay": 3,
    "startTime": 60,
    "fee": 0.005,
    "prizePool": 0.054,
    "type": "Automatic",
    "group": 3,
    "unlimitPO": "No"
  },
  {
    "name": "Denver Dash",
    "peckingOrder": "A",
    "terrain": "Road",
    "distance": 100,
    "maxCapacity": 12,
    "location": "Denver, USA",
    "minimumStartDelay": 3,
    "startTime": 60,
    "fee": 0.005,
    "prizePool": 0.054,
    "type": "Automatic",
    "group": 3,
    "unlimitPO": "No"
  },
  {
    "name": "Rosenborg Drive",
    "peckingOrder": "C",
    "terrain": "Rock",
    "distance": 160,
    "maxCapacity": 12,
    "location": "Copenhagen, Denmark",
    "minimumStartDelay": 3,
    "startTime": 60,
    "fee": 0.005,
    "prizePool": 0.054,
    "type": "Automatic",
    "group": 3,
    "unlimitPO": "No"
  },
  {
    "name": "Beach Bash",
    "peckingOrder": "B",
    "terrain": "Sand",
    "distance": 200,
    "maxCapacity": 12,
    "location": "Bangkok, Thailand",
    "minimumStartDelay": 3,
    "startTime": 60,
    "fee": 0.005,
    "prizePool": 0.054,
    "type": "Automatic",
    "group": 3,
    "unlimitPO": "No"
  },
  {
    "name": "New Year Chase",
    "peckingOrder": "A",
    "terrain": "Dirt",
    "distance": 100,
    "maxCapacity": 12,
    "location": "Capiatá, Paraguay",
    "minimumStartDelay": 3,
    "startTime": 60,
    "fee": 0.007,
    "prizePool": 0.0756,
    "type": "Automatic",
    "group": 3,
    "unlimitPO": "No"
  },
  {
    "name": "Gorkhi-Terelj Split",
    "peckingOrder": "C",
    "terrain": "Grass",
    "distance": 140,
    "maxCapacity": 12,
    "location": "Ulaanbaatar, Mongolia",
    "minimumStartDelay": 3,
    "startTime": 60,
    "fee": 0.007,
    "prizePool": 0.0756,
    "type": "Automatic",
    "group": 3,
    "unlimitPO": "No"
  },
  {
    "name": "Mokhotlong Measure",
    "peckingOrder": "S",
    "terrain": "Snow",
    "distance": 160,
    "maxCapacity": 12,
    "location": "Mokhotlong, Lesotho",
    "minimumStartDelay": 3,
    "startTime": 60,
    "fee": 0.007,
    "prizePool": 0.0756,
    "type": "Automatic",
    "group": 3,
    "unlimitPO": "No"
  },
  {
    "name": "La Sierra Pique",
    "peckingOrder": "B",
    "terrain": "Snow",
    "distance": 120,
    "maxCapacity": 12,
    "location": "Quito, Ecuador",
    "minimumStartDelay": 3,
    "startTime": 60,
    "fee": 0.007,
    "prizePool": 0.0756,
    "type": "Automatic",
    "group": 3,
    "unlimitPO": "No"
  },
  {
    "name": "Fox Chase",
    "peckingOrder": "D",
    "terrain": "Track",
    "distance": 200,
    "maxCapacity": 12,
    "location": "Ottawa, Canada",
    "minimumStartDelay": 3,
    "startTime": 60,
    "fee": 0.007,
    "prizePool": 0.0756,
    "type": "Automatic",
    "group": 3,
    "unlimitPO": "No"
  },
  {
    "name": "Farmyard Campaign",
    "peckingOrder": "C",
    "terrain": "Dirt",
    "distance": 120,
    "maxCapacity": 12,
    "location": "Jim's Farm, United Kingdom",
    "minimumStartDelay": 3,
    "startTime": 60,
    "fee": 0.001,
    "prizePool": 0.0108,
    "type": "Automatic",
    "group": 4,
    "unlimitPO": "No"
  },
  {
    "name": "Demeter's Folly",
    "peckingOrder": "B",
    "terrain": "Grass",
    "distance": 200,
    "maxCapacity": 12,
    "location": "Athens, Greece",
    "minimumStartDelay": 3,
    "startTime": 60,
    "fee": 0.001,
    "prizePool": 0.0108,
    "type": "Automatic",
    "group": 4,
    "unlimitPO": "No"
  },
  {
    "name": "Grand Caper",
    "peckingOrder": "D",
    "terrain": "Rock",
    "distance": 160,
    "maxCapacity": 12,
    "location": "Las Palmas, Spain",
    "minimumStartDelay": 3,
    "startTime": 60,
    "fee": 0.001,
    "prizePool": 0.0108,
    "type": "Automatic",
    "group": 4,
    "unlimitPO": "No"
  },
  {
    "name": "Cruz De Praia",
    "peckingOrder": "A",
    "terrain": "Sand",
    "distance": 140,
    "maxCapacity": 12,
    "location": "Praia de Galápos, Portugal",
    "minimumStartDelay": 3,
    "startTime": 60,
    "fee": 0.001,
    "prizePool": 0.0108,
    "type": "Automatic",
    "group": 4,
    "unlimitPO": "No"
  },
  {
    "name": "European Meet",
    "peckingOrder": "S",
    "terrain": "Track",
    "distance": 120,
    "maxCapacity": 12,
    "location": "Brussels, Belgium",
    "minimumStartDelay": 3,
    "startTime": 60,
    "fee": 0.001,
    "prizePool": 0.0108,
    "type": "Automatic",
    "group": 4,
    "unlimitPO": "No"
  },
  {
    "name": "Városliget Sprintel",
    "peckingOrder": "D",
    "terrain": "Grass",
    "distance": 100,
    "maxCapacity": 12,
    "location": "Budapest, Hungary",
    "minimumStartDelay": 3,
    "startTime": 60,
    "fee": 0.002,
    "prizePool": 0.0216,
    "type": "Automatic",
    "group": 4,
    "unlimitPO": "No"
  },
  {
    "name": "Monrovia City Sprint",
    "peckingOrder": "C",
    "terrain": "Road",
    "distance": 120,
    "maxCapacity": 12,
    "location": "Monrovia, Liberia",
    "minimumStartDelay": 3,
    "startTime": 60,
    "fee": 0.002,
    "prizePool": 0.0216,
    "type": "Automatic",
    "group": 4,
    "unlimitPO": "No"
  },
  {
    "name": "Doyle's Drop",
    "peckingOrder": "B",
    "terrain": "Rock",
    "distance": 140,
    "maxCapacity": 12,
    "location": "Maya Mountains, Belize",
    "minimumStartDelay": 3,
    "startTime": 60,
    "fee": 0.002,
    "prizePool": 0.0216,
    "type": "Automatic",
    "group": 4,
    "unlimitPO": "No"
  },
  {
    "name": "Island Race",
    "peckingOrder": "S",
    "terrain": "Sand",
    "distance": 180,
    "maxCapacity": 12,
    "location": "Floating City, Bahrain",
    "minimumStartDelay": 3,
    "startTime": 60,
    "fee": 0.002,
    "prizePool": 0.0216,
    "type": "Automatic",
    "group": 4,
    "unlimitPO": "No"
  },
  {
    "name": "Oslo Meet",
    "peckingOrder": "A",
    "terrain": "Track",
    "distance": 160,
    "maxCapacity": 12,
    "location": "Oslo, Norway",
    "minimumStartDelay": 3,
    "startTime": 60,
    "fee": 0.002,
    "prizePool": 0.0216,
    "type": "Automatic",
    "group": 4,
    "unlimitPO": "No"
  },
  {
    "name": "8 River Race",
    "peckingOrder": "B",
    "terrain": "Dirt",
    "distance": 180,
    "maxCapacity": 12,
    "location": "Kathmandu, Nepal",
    "minimumStartDelay": 3,
    "startTime": 60,
    "fee": 0.003,
    "prizePool": 0.0324,
    "type": "Automatic",
    "group": 4,
    "unlimitPO": "No"
  },
  {
    "name": "Race Of Fame",
    "peckingOrder": "S",
    "terrain": "Road",
    "distance": 140,
    "maxCapacity": 12,
    "location": "Los Angeles, USA",
    "minimumStartDelay": 3,
    "startTime": 60,
    "fee": 0.003,
    "prizePool": 0.0324,
    "type": "Automatic",
    "group": 4,
    "unlimitPO": "No"
  },
  {
    "name": "Mostar Cross",
    "peckingOrder": "C",
    "terrain": "Snow",
    "distance": 100,
    "maxCapacity": 12,
    "location": "Mostar, Bosnia and Herzegovina",
    "minimumStartDelay": 3,
    "startTime": 60,
    "fee": 0.003,
    "prizePool": 0.0324,
    "type": "Automatic",
    "group": 4,
    "unlimitPO": "No"
  },
  {
    "name": "Bauernhof Lopp",
    "peckingOrder": "A",
    "terrain": "Snow",
    "distance": 180,
    "maxCapacity": 12,
    "location": "Matfors, Sweden",
    "minimumStartDelay": 3,
    "startTime": 60,
    "fee": 0.003,
    "prizePool": 0.0324,
    "type": "Automatic",
    "group": 4,
    "unlimitPO": "No"
  },
  {
    "name": "Viti Levu Veitau Cici",
    "peckingOrder": "D",
    "terrain": "Sand",
    "distance": 200,
    "maxCapacity": 12,
    "location": "Pacific Harbour, Fiji",
    "minimumStartDelay": 3,
    "startTime": 60,
    "fee": 0.003,
    "prizePool": 0.0324,
    "type": "Automatic",
    "group": 4,
    "unlimitPO": "No"
  },
  {
    "name": "City Rock",
    "peckingOrder": "S",
    "terrain": "Rock",
    "distance": 100,
    "maxCapacity": 12,
    "location": "Nicosia, Cyprus",
    "minimumStartDelay": 3,
    "startTime": 60,
    "fee": 0.0003,
    "prizePool": 0.00324,
    "type": "Automatic",
    "group": 5,
    "unlimitPO": "No"
  },
  {
    "name": "Pacific Tide",
    "peckingOrder": "B",
    "terrain": "Grass",
    "distance": 120,
    "maxCapacity": 12,
    "location": "Romanum, Micronesia",
    "minimumStartDelay": 3,
    "startTime": 60,
    "fee": 0.0003,
    "prizePool": 0.00324,
    "type": "Automatic",
    "group": 5,
    "unlimitPO": "No"
  },
  {
    "name": "China Trial",
    "peckingOrder": "D",
    "terrain": "Road",
    "distance": 160,
    "maxCapacity": 12,
    "location": "Chongqing, China",
    "minimumStartDelay": 3,
    "startTime": 60,
    "fee": 0.0003,
    "prizePool": 0.00324,
    "type": "Automatic",
    "group": 5,
    "unlimitPO": "No"
  },
  {
    "name": "Cuxibamba Track",
    "peckingOrder": "C",
    "terrain": "Track",
    "distance": 180,
    "maxCapacity": 12,
    "location": "Loja, Ecuador",
    "minimumStartDelay": 3,
    "startTime": 60,
    "fee": 0.0003,
    "prizePool": 0.00324,
    "type": "Automatic",
    "group": 5,
    "unlimitPO": "No"
  },
  {
    "name": "Tender Chicken",
    "peckingOrder": "A",
    "terrain": "Dirt",
    "distance": 200,
    "maxCapacity": 12,
    "location": "Mt. Vesuvius, Italy",
    "minimumStartDelay": 3,
    "startTime": 60,
    "fee": 0.0003,
    "prizePool": 0.00324,
    "type": "Automatic",
    "group": 5,
    "unlimitPO": "No"
  },
  {
    "name": "South American Medal",
    "peckingOrder": "S",
    "terrain": "Rock",
    "distance": 180,
    "maxCapacity": 12,
    "location": "Caracas, Venezuela",
    "minimumStartDelay": 3,
    "startTime": 60,
    "fee": 0.0005,
    "prizePool": 0.0054,
    "type": "Automatic",
    "group": 5,
    "unlimitPO": "No"
  },
  {
    "name": "Novice Derby",
    "peckingOrder": "C",
    "terrain": "Snow",
    "distance": 140,
    "maxCapacity": 12,
    "location": "Tallinn, Estonia",
    "minimumStartDelay": 3,
    "startTime": 60,
    "fee": 0.0005,
    "prizePool": 0.0054,
    "type": "Automatic",
    "group": 5,
    "unlimitPO": "No"
  },
  {
    "name": "Starý Most Beginners Cross",
    "peckingOrder": "D",
    "terrain": "Road",
    "distance": 120,
    "maxCapacity": 12,
    "location": "Bratislava, Slovakia",
    "minimumStartDelay": 3,
    "startTime": 60,
    "fee": 0.0005,
    "prizePool": 0.0054,
    "type": "Automatic",
    "group": 5,
    "unlimitPO": "No"
  },
  {
    "name": "National Stadium Catch",
    "peckingOrder": "B",
    "terrain": "Track",
    "distance": 160,
    "maxCapacity": 12,
    "location": "Tokyo, Japan",
    "minimumStartDelay": 3,
    "startTime": 60,
    "fee": 0.0005,
    "prizePool": 0.0054,
    "type": "Automatic",
    "group": 5,
    "unlimitPO": "No"
  },
  {
    "name": "The Bronze Sprint",
    "peckingOrder": "A",
    "terrain": "Sand",
    "distance": 100,
    "maxCapacity": 12,
    "location": "Gold Rock Beach, Bahamas",
    "minimumStartDelay": 3,
    "startTime": 60,
    "fee": 0.0005,
    "prizePool": 0.0054,
    "type": "Automatic",
    "group": 5,
    "unlimitPO": "No"
  },
  {
    "name": "Colombia Juvenile",
    "peckingOrder": "CHICK",
    "terrain": "Dirt",
    "distance": 140,
    "maxCapacity": 8,
    "location": "Salento, Colombia",
    "minimumStartDelay": 3,
    "startTime": 60,
    "fee": 0,
    "prizePool": 0.0006,
    "type": "Automatic",
    "group": 99,
    "unlimitPO": "No"
  },
  {
    "name": "Czech Republic Juvenile",
    "peckingOrder": "CHICK",
    "terrain": "Track",
    "distance": 180,
    "maxCapacity": 8,
    "location": "Prague, Czech Republic",
    "minimumStartDelay": 3,
    "startTime": 60,
    "fee": 0,
    "prizePool": 0.0006,
    "type": "Automatic",
    "group": 99,
    "unlimitPO": "No"
  }
]
