[
  {
    "name": "Farmyard Campaign",
    "peckingOrder": "S",
    "terrain": "Dirt",
    "distance": 120,
    "maxCapacity": 8,
    "location": "Jim's Farm, United Kingdom",
    "minimumStartDelay": 3,
    "startTime": 60,
    "fee": 0.001,
    "prizePool": 0.0072,
    "type": "Automatic",
    "group": 1,
    "unlimitPO": "No"
  },
  {
    "name": "Bhopal Local",
    "peckingOrder": "A",
    "terrain": "Grass",
    "distance": 140,
    "maxCapacity": 8,
    "location": "Bhopal, India",
    "minimumStartDelay": 3,
    "startTime": 60,
    "fee": 0.001,
    "prizePool": 0.0072,
    "type": "Automatic",
    "group": 1,
    "unlimitPO": "No"
  },
  {
    "name": "Academy Annual",
    "peckingOrder": "B",
    "terrain": "Road",
    "distance": 160,
    "maxCapacity": 8,
    "location": "Warsaw, Poland",
    "minimumStartDelay": 3,
    "startTime": 60,
    "fee": 0.001,
    "prizePool": 0.0072,
    "type": "Automatic",
    "group": 1,
    "unlimitPO": "No"
  },
  {
    "name": "Grand Caper",
    "peckingOrder": "C",
    "terrain": "Rock",
    "distance": 160,
    "maxCapacity": 8,
    "location": "Las Palmas, Spain",
    "minimumStartDelay": 3,
    "startTime": 60,
    "fee": 0.001,
    "prizePool": 0.0072,
    "type": "Automatic",
    "group": 1,
    "unlimitPO": "No"
  },
  {
    "name": "Rajasthan Sprint",
    "peckingOrder": "D",
    "terrain": "Sand",
    "distance": 100,
    "maxCapacity": 8,
    "location": "Jaipur, India",
    "minimumStartDelay": 3,
    "startTime": 60,
    "fee": 0.001,
    "prizePool": 0.0072,
    "type": "Automatic",
    "group": 1,
    "unlimitPO": "No"
  },
  {
    "name": "Long Island Stakes",
    "peckingOrder": "B",
    "terrain": "Dirt",
    "distance": 140,
    "maxCapacity": 8,
    "location": "New York City, USA",
    "minimumStartDelay": 3,
    "startTime": 60,
    "fee": 0.002,
    "prizePool": 0.0144,
    "type": "Automatic",
    "group": 1,
    "unlimitPO": "No"
  },
  {
    "name": "Demeter's Folly",
    "peckingOrder": "C",
    "terrain": "Grass",
    "distance": 200,
    "maxCapacity": 8,
    "location": "Athens, Greece",
    "minimumStartDelay": 3,
    "startTime": 60,
    "fee": 0.002,
    "prizePool": 0.0144,
    "type": "Automatic",
    "group": 1,
    "unlimitPO": "No"
  },
  {
    "name": "Bridge Crossing",
    "peckingOrder": "A",
    "terrain": "Rock",
    "distance": 120,
    "maxCapacity": 8,
    "location": "Córdoba, Spain",
    "minimumStartDelay": 3,
    "startTime": 60,
    "fee": 0.002,
    "prizePool": 0.0144,
    "type": "Automatic",
    "group": 1,
    "unlimitPO": "No"
  },
  {
    "name": "Andes Peak",
    "peckingOrder": "S",
    "terrain": "Snow",
    "distance": 140,
    "maxCapacity": 8,
    "location": "Mendoza, Argentina",
    "minimumStartDelay": 3,
    "startTime": 60,
    "fee": 0.002,
    "prizePool": 0.0144,
    "type": "Automatic",
    "group": 1,
    "unlimitPO": "No"
  },
  {
    "name": "Oslo Meet",
    "peckingOrder": "D",
    "terrain": "Track",
    "distance": 160,
    "maxCapacity": 8,
    "location": "Oslo, Norway",
    "minimumStartDelay": 3,
    "startTime": 60,
    "fee": 0.002,
    "prizePool": 0.0144,
    "type": "Automatic",
    "group": 1,
    "unlimitPO": "No"
  },
  {
    "name": "The Short Climb",
    "peckingOrder": "D",
    "terrain": "Rock",
    "distance": 200,
    "maxCapacity": 8,
    "location": "Naryn, Kyrgyzstan",
    "minimumStartDelay": 3,
    "startTime": 60,
    "fee": 0.0003,
    "prizePool": 0.00216,
    "type": "Automatic",
    "group": 2,
    "unlimitPO": "No"
  },
  {
    "name": "Mum's Marathon",
    "peckingOrder": "S",
    "terrain": "Sand",
    "distance": 180,
    "maxCapacity": 8,
    "location": "Margate, UK",
    "minimumStartDelay": 3,
    "startTime": 60,
    "fee": 0.0003,
    "prizePool": 0.00216,
    "type": "Automatic",
    "group": 2,
    "unlimitPO": "No"
  },
  {
    "name": "Whitby Way",
    "peckingOrder": "C",
    "terrain": "Snow",
    "distance": 180,
    "maxCapacity": 8,
    "location": "Whitby, Canada",
    "minimumStartDelay": 3,
    "startTime": 60,
    "fee": 0.0003,
    "prizePool": 0.00216,
    "type": "Automatic",
    "group": 2,
    "unlimitPO": "No"
  },
  {
    "name": "Cuxibamba Track",
    "peckingOrder": "A",
    "terrain": "Track",
    "distance": 180,
    "maxCapacity": 8,
    "location": "Loja, Ecuador",
    "minimumStartDelay": 3,
    "startTime": 60,
    "fee": 0.0003,
    "prizePool": 0.00216,
    "type": "Automatic",
    "group": 2,
    "unlimitPO": "No"
  },
  {
    "name": "Pacific Tide",
    "peckingOrder": "B",
    "terrain": "Grass",
    "distance": 120,
    "maxCapacity": 8,
    "location": "Romanum, Micronesia",
    "minimumStartDelay": 3,
    "startTime": 60,
    "fee": 0.0003,
    "prizePool": 0.00216,
    "type": "Automatic",
    "group": 2,
    "unlimitPO": "No"
  },
  {
    "name": "Pauper's Peck",
    "peckingOrder": "C",
    "terrain": "Road",
    "distance": 100,
    "maxCapacity": 8,
    "location": "Port-au-Prince, Haiti",
    "minimumStartDelay": 3,
    "startTime": 60,
    "fee": 0.0005,
    "prizePool": 0.0036,
    "type": "Automatic",
    "group": 2,
    "unlimitPO": "No"
  },
  {
    "name": "100 Local",
    "peckingOrder": "D",
    "terrain": "Snow",
    "distance": 100,
    "maxCapacity": 8,
    "location": "Nuuk, Greenland",
    "minimumStartDelay": 3,
    "startTime": 60,
    "fee": 0.0005,
    "prizePool": 0.0036,
    "type": "Automatic",
    "group": 2,
    "unlimitPO": "No"
  },
  {
    "name": "Course De Poussins",
    "peckingOrder": "S",
    "terrain": "Track",
    "distance": 120,
    "maxCapacity": 8,
    "location": "Paris, France",
    "minimumStartDelay": 3,
    "startTime": 60,
    "fee": 0.0005,
    "prizePool": 0.0036,
    "type": "Automatic",
    "group": 2,
    "unlimitPO": "No"
  },
  {
    "name": "Zacharias Task",
    "peckingOrder": "A",
    "terrain": "Sand",
    "distance": 160,
    "maxCapacity": 8,
    "location": "Denigomodu, Nauru",
    "minimumStartDelay": 3,
    "startTime": 60,
    "fee": 0.0005,
    "prizePool": 0.0036,
    "type": "Automatic",
    "group": 2,
    "unlimitPO": "No"
  },
  {
    "name": "Beginners Marathon",
    "peckingOrder": "B",
    "terrain": "Road",
    "distance": 200,
    "maxCapacity": 8,
    "location": "Yokohama, Japan",
    "minimumStartDelay": 3,
    "startTime": 60,
    "fee": 0.0005,
    "prizePool": 0.0036,
    "type": "Automatic",
    "group": 2,
    "unlimitPO": "No"
  },
  {
    "name": "Chongqing Open",
    "peckingOrder": "S",
    "terrain": "Road",
    "distance": 160,
    "maxCapacity": 12,
    "location": "Chongqing, China",
    "minimumStartDelay": 3,
    "startTime": 60,
    "fee": 0,
    "prizePool": 0.001,
    "type": "Manual",
    "group": 0,
    "unlimitPO": "No"
  },
  {
    "name": "Porto-Novo Open",
    "peckingOrder": "A",
    "terrain": "Dirt",
    "distance": 200,
    "maxCapacity": 12,
    "location": "Porto-Novo, Benin",
    "minimumStartDelay": 3,
    "startTime": 60,
    "fee": 0,
    "prizePool": 0.001,
    "type": "Manual",
    "group": 0,
    "unlimitPO": "No"
  },
  {
    "name": "Freetown Open",
    "peckingOrder": "B",
    "terrain": "Track",
    "distance": 100,
    "maxCapacity": 12,
    "location": "Freetown, Sierra Leone",
    "minimumStartDelay": 3,
    "startTime": 60,
    "fee": 0,
    "prizePool": 0.001,
    "type": "Manual",
    "group": 0,
    "unlimitPO": "No"
  },
  {
    "name": "Praia de Galápos Open",
    "peckingOrder": "C",
    "terrain": "Sand",
    "distance": 140,
    "maxCapacity": 12,
    "location": "Praia de Galápos, Portugal",
    "minimumStartDelay": 3,
    "startTime": 60,
    "fee": 0,
    "prizePool": 0.001,
    "type": "Manual",
    "group": 0,
    "unlimitPO": "No"
  },
  {
    "name": "Phonsavan Open",
    "peckingOrder": "D",
    "terrain": "Grass",
    "distance": 180,
    "maxCapacity": 12,
    "location": "Phonsavan, Laos",
    "minimumStartDelay": 3,
    "startTime": 60,
    "fee": 0,
    "prizePool": 0.001,
    "type": "Manual",
    "group": 0,
    "unlimitPO": "No"
  }
]
