ID,uniqueName,name,image,rarity,speciality,currentMaxLevel,finalMaxLevel,ability_A,startStrength_A,startLevel_A,levelUp_A,ability_B,startStrength_B,startLevel_B,levelUp_B,ability_C,startStrength_C,startLevel_C,levelUp_C,ability_D,startStrength_D,startLevel_D,levelUp_D,ability_E,startStrength_E,startLevel_E,levelUp_E,ability_F,startStrength_F,startLevel_F,levelUp_F,ability_G,startStrength_G,startLevel_G,levelUp_G,ability_H,startStrength_H,startLevel_H,levelUp_H,ability_I,startStrength_I,startLevel_I,levelUp_I,speedAppearance,staminaAppearance,cluckAppearance,intelligenceAppearance,talentAppearance
1,HenriettaHentertainer_Talent_S,Henrietta Hentertainer,2,S,Talent,20,40,Pump Juice,5,1,"3,6,10,14,18,20,24,28,30,34",Bond Start,10,1,"2,4,8,10,12,15,16,20,22,26,30,32,35,36,38",Motivator,1,5,"13,21,27,35",Racing Bonus,1,5,"9,17,25,31",Talent Partner,1,40,,Forte,1,1,"5,7,11,19,23,29,33,37,39",,,,,,,,,,,,,3,6,3,3,10
2,HenriettaHentertainer_Talent_Rs,Henrietta Hentertainer,1,Rs,Talent,25,45,Pump Juice,5,10,"11,12,15,17,19,20,21,23,24,25,33,35,36,38,43",Bond Start,10,1,"2,4,7,10,14,15,16,17,20,21,23,27,28,30,31",Motivator,1,5,"6,8,9,18,20,22,26,30,35",Racing Bonus,1,15,"18,25,32,41",Forte,1,1,"3,5,10,13,16,19,22,27,30,39,40,42,44,45",Talent Partner,1,40,45,Racing Energy,2,20,"24,25,26,29,34,37,40,45",,,,,,,,,3,6,3,3,10
3,HenriettaHentertainer_Talent_SRs,Henrietta Hentertainer,3,SRs,Talent,30,50,Pump Juice,10,15,"16,18,20,23,24,26,27,28,30,31,35,36,38,40,41,42,43,45,49,50",Bond Start,10,1,"2,3,5,8,10,11,13,15,19,20,21,26,28,32,33,34,38,45,48,50",Motivator,1,5,"6,10,12,15,22,24,27,32,35",Racing Bonus,1,15,"18,25,29,35",Forte,1,1,"2,4,5,9,10,11,15,17,20,21,25,29,30,31,34,37,40,45,46",Talent Partner,1,30,"40,50",Racing Energy,2,5,"7,9,14,16,19,22,25,30,33,36,39,44,47",Happy Start,1,30,,,,,,3,6,3,3,10
4,KungPowline_Cluck_S,Kung Powline,8,S,Cluck,20,40,Forte,1,1,"2,4,5,6,7,8,11,13,15",Cluck Partner,1,40,,Training Energy,3,5,"10,15,20,25,30,35,40",Cluck Start,1,15,"17,21,22,27,28,32,38,39,40",Bond Start,5,5,"9,12,14,16,19,20,23,25,26,29,31,33,34,36,37",More Events,1,1,"3,18,24,30",,,,,,,,,,,,,5,3,10,4,3
5,KungPowline_Cluck_Rs,Kung Powline,7,Rs,Cluck,25,45,Forte,1,1,"2,4,6,7,8,9,13,21,25",Cluck Partner,1,35,,Training Energy,5,10,"11,14,17,19,22,24,27,29,32,35",Cluck Start,1,25,"27,29,31,33,36,38,40,42,45",Bond Start,15,20,"21,24,26,28,30,32,35,37,41,44",More Events,1,1,"3,5,10,15",Well Rested,5,10,"12,16,18,20,25,29,34,39,43,45",,,,,,,,,5,3,10,4,3
6,KungPowline_Cluck_SRs,Kung Powline,9,SRs,Cluck,30,50,Forte,5,1,"2,3,5,10,12,17,19,21,23,27,30,35,28,40,44,46,47,48,49,50",Cluck Partner,1,40,50,Training Energy,5,5,"9,15,18,21,24,29,35,38,45,50",Motivator,1,15,"18,22,26,30,32,34,37,40,45",Bond Start,1,1,"2,4,6,7,8,9,11,13,14,16,18,20,22,24,25,26,28,29,30,31,32,33,34,35",More Events,1,1,"6,16,25,30",Well Rested,1,20,"22,24,25,27,29,31,33,34,36,37,39,41,42,43,45",Quick Heal,1,25,,Cluck Start,1,25,"27,29,31,33,36,38,40,42,45",5,3,10,4,3
7,Robin_Intelligence_S,Robin,10,S,Intelligence,20,40,Forte,5,10,"11,13,16,19,20,21,22,25,28,29,31,34,37,38,40",Intelligence Start,2,20,"21,23,25,26,28,30,32,33,35,36,37,39,40",Bond Rate Up,5,10,"11,13,15,17,21,23,26,29,32,35",Motivator,1,1,"3,7,20,30",Mood Partner,1,5,"6,9,14,16,18,20,22,24,25",Racing Bonus,1,1,"2,4,5,8,12,18,24,27,30",,,,,,,,,,,,,3,3,3,10,6
8,Robin_Intelligence_Rs,Robin,12,Rs,Intelligence,25,45,Forte,5,5,"6,10,12,16,18,20,22,24,28,30,32,35,36,38,40",Intelligence Start,2,20,"21,22,23,25,27,28,29,31,33,34,35,39,40,41,42,43,44,45",Bond Rate Up,5,10,"11,12,13,15,19,23,26,29,33,37",Motivator,1,1,"2,5,9,14,17,21,23,25,29",Mood Partner,1,5,"8,10,14,19,24,27,30,34,39",Racing Bonus,1,1,"3,6,11,15,20,22,25,30,32,35,40,41,43,45",Well Rested,5,1,"4,7,12,18,20",,,,,,,,,3,3,3,10,6
9,Robin_Intelligence_SRs,Robin,11,SRs,Intelligence,30,50,Forte,5,5,"6,7,9,13,17,20,22,23,25,29,33,34,35,37,40",Intelligence Start,2,25,"26,27,28,29,30,31,32,33,34,35,36,37,38,39,40,41,42,43,44,45,47,48,49",Bond Rate Up,5,15,"16,20,24,28,30,33,36,45,46,50",Motivator,1,1,"2,3,5,7,8,10,12,15,18,21,25,30,32,50",Mood Partner,1,5,"6,11,15,19,24,28,39,40,45",Racing Bonus,1,1,"2,4,5,8,9,10,14,15,17,19,20,21,22,25,26,29,31,32,35",Intellgience Partner,1,40,50,Well Rested,5,5,"6,8,10,20,30",,,,,3,3,3,10,6
11,LenoraLongbeak_Intelligence_Rs,Lenora Longbeak,38,Rs,Intelligence,25,45,Training Energy,5,1,"2,3,4,6,11,17,22,24,25,29,30,34,38,42,45",Racing Energy,5,5,"8,9,13,14,16,19,23,25,27,30,32,36,40,44,45",Quick Heal,1,45,,Well Rested,5,5,"7,12,15,18,21,26,28,31,35,40",Forte,1,1,"5,10,15,20",Intelligence Start,1,30,"31,33,35,36,37,39,41,43,45",,,,,,,,,,,,,3,3,3,10,6
12,IdiaCratic_Speed_SRs,Idia Cratic,4,SRs,Speed,30,50,Speed Partner,1,1,"40,50",Forte,1,1,"2,4,6,8,10,12,14,16,18,20,22,24,26,28,30,32,34,36,38",Bond Rate Up,5,5,"6,8,10,12,14,16,17,19,20,22,23,24,26,27,29,31,33,35,37,38,40,42,43,44,45",Training Energy,1,10,"3,11,15,21,27,33,39,43,50",Mood Partner,5,40,"41,46,47,48,50",Bond Start,1,1,"3,7,9,11,13,15,21,25,39",Racing Bonus,1,20,"30,40,49,50",,,,,,,,,10,3,3,6,3
13,MotherFlocklear_Stamina_S,Mother Flocklear,23,S,Stamina,20,40,Forte,1,1,"2,4,5,6,7,8,11,13,15",Stamina Partner,1,40,,Training Energy,3,5,"10,15,20,25,30,35,40",Stamina Start,1,15,"17,21,22,27,28,32,38,39,40",Bond Start,5,5,"9,19,23,26,29,31,33,34,36,37",More Events,1,1,"3,18,24,30",,,,,,,,,,,,,5,3,10,4,3
14,MotherFlocklear_Stamina_Rs,Mother Flocklear,24,Rs,Stamina,25,45,Forte,1,1,"2,4,5,9,10,12,13,14,15,17,19,20,24,25",Stamina Partner,1,25,45,Training Energy,3,10,"11,17,23,29,33,36,41",Stamina Start,1,15,"16,18,19,20,21,22,25,26,27,28,30,33,35,38,39,40,42,44,45",Bond Start,5,5,"6,8,11,15,20,21,26,30,31,35",More Events,1,1,"3,7,16,23",Pump Juice,5,30,"32,34,37,40,43",,,,,,,,,5,3,10,4,3
15,MotherFlocklear_Stamina_SRs,Mother Flocklear,22,SRs,Stamina,30,50,Forte,1,1,"2,3,5,6,8,9,10,13,14,15,17,19,20,21,22,24,25,28,30",Stamina Partner,1,20,"40,50",Training Energy,1,10,"11,15,20,25,30,35,40,45,50",Stamina Start,1,25,"26,27,28,29,30,32,33,35,36,38,39,40,41,42,44,46,47,49,50",Bond Start,5,5,"6,10,11,18,21,26,32,34,38,41,43,45,48,49,50",More Events,1,1,"3,7,12,16,22,29,34,37,42",Pump Juice,5,30,"31,35,39,43,47",Racing Bonus,1,1,"4,10,12,17,19,23,25,27,33",,,,,5,3,10,4,3
16,QuoteQuake_Star_Rs,Quote Quake,30,Rs,Star,25,45,Happy Start,1,45,,Mood Partner,1,1,"2,4,5,10,14,15,18,20,23,26,28,30,36,40",Bond Rate Up,5,15,"7,11,16,19,21,25,28,35,38,43",More Events,1,1,"3,8,12,17,22,27,29,32,42",Talent Start,1,5,"6,9,13,19,24,33,37,39,44",Speed Start,1,5,"8,12,15,18,25,31,34,41,45",,,,,,,,,,,,,5,5,5,5,5
17,Sgt_Freedom_Star_SRs,Sgt. Freedom,33,SRs,Star,30,50,All Bond Rate Up,1,1,"2,5,6,9,16,21,26,31,33",Racing Bonus,1,1,"3,7,10,12,18,20,23,25,28,32,34,38,41,48",Motivator,1,1,"4,5,8,14,20,25,31,40,45",All Bond Start,2,20,"21,22,24,26,30,32,35,37,40,43,46,49,50",Stamina Start,1,10,"11,15,17,25,27,29,35,44,47",Intelligence Start,1,10,"13,15,19,20,30,29,33,37,45",More Events,1,30,"32,33,34,35,36,38,39,40,42",,,,,,,,,5,5,5,5,5
20,MaceHendu_Star_SRs,Mace Hendu,13,SRs,Star,30,50,Speed Start,1,1,"2,4,5,6,7,8,10,11,12,13,14,16,17,18,20,23,25,28,29,30,33,35,38,50",Stamina Start,1,1,"2,3,4,5,8,10,11,13,15,16,18,19,21,24,27,30,33,36,39,40,43,46,47,50",Cluck Start,1,1,"2,3,5,6,7,9,11,12,13,14,16,17,19,20,23,26,27,30,33,36,39,42,43,50",Intelligence Start,1,1,"2,3,4,6,8,10,12,13,14,15,18,21,22,24,27,28,31,34,35,38,39,42,44,50",Talent Start,1,1,"2,3,5,6,7,8,10,11,12,14,17,19,21,24,26,28,31,32,35,37,40,43,45,50",Happy Start,1,50,,All Bond Start,5,35,"36,38,40,41,42,44,46,48,49,50",,,,,,,,,5,5,5,5,5
21,Chickpea_Speed_S,Chickpea,17,S,Speed,20,40,Forte,1,1,"2,4,5,6,7,8,11,13,15",Speed Partner,1,40,,Training Energy,3,5,"10,15,20,25,30,35,40",Speed Start,1,15,"17,21,22,27,28,32,38,39,40",Bond Start,5,5,"9,12,14,16,19,20,23,25,26,29,31,33,34,36,37",More Events,1,1,"3,18,24,30",,,,,,,,,,,,,5,3,10,4,3
22,Chickpea_Speed_Rs,Chickpea,18,Rs,Speed,25,45,Forte,1,1,"2,4,6,7,8,9,13,21,25",Speed Partner,1,35,,Training Energy,5,10,"11,14,17,19,22,24,27,29,32,35",Speed Start,1,25,"27,29,31,33,36,38,40,42,45",Bond Start,15,20,"21,24,26,28,30,32,35,37,41,44",More Events,1,1,"3,5,10,15",Well Rested,5,10,"12,16,18,20,25,29,34,39,43,45",,,,,,,,,5,3,10,4,3
23,Chickpea_Speed_SRs,Chickpea,16,SRs,Speed,30,50,Forte,5,1,"2,3,5,10,12,17,19,21,23,27,30,35,28,40,44,46,47,48,49,50",Speed Partner,1,40,50,Training Energy,5,5,"9,15,18,21,24,29,35,38,45,50",Motivator,1,15,"18,22,26,30,32,34,37,40,45",Bond Start,1,1,"2,4,6,7,8,9,11,13,14,16,18,20,22,24,25,26,28,29,30,31,32,33,34,35",More Events,1,1,"6,16,25,30",Well Rested,1,20,"22,24,25,27,29,31,33,34,36,37,39,41,42,43,45",Racing Bonus,5,25,"30,35,40,45,50",Speed Start,1,30,"31,33,36,37,38,41,43,44,50",5,3,10,4,3
24,Drifta_Speed_S,Drifta,28,S,Speed,20,40,Speed Partner,1,40,,Speed Start,1,1,"3,4,5,7,8,10,11,13,15,17,19,20,23,25,29,30,31,35,40",Forte,1,1,"5,6,10,11,15,16,18,20,25,26,30,33,35,40",Bond Start,1,1,"2,3,5,6,8,9,10,12,13,14,15,17,18,20,21,22,24,25,27,28,30,32,34,35,36,37,38,39,40",,,,,,,,,,,,,,,,,,,,,10,3,3,6,3
25,Drifta_Speed_SRs,Drifta,29,SRs,Speed,30,50,Speed Partner,1,30,"40,50",Speed Start,1,1,"2,3,5,8,10,11,12,15,16,18,19,20,22,24,26,28,29,32,35,36,38,40,43,45,46,47,48,49,50",Forte,1,1,"4,5,6,7,9,10,13,14,15,17,21,23,25,27,30,35,40,45,50",Bond Start,30,30,"31,32,33,34,35,36,37,38,39,40,41,42,43,44,45,46,47,48,49,50",All Bond Rate Up,1,30,"31,33,34,35,37,39,41,42,44",,,,,,,,,,,,,,,,,10,3,3,6,3
26,JessicaGlade_Cluck_S,Jessica Glade,34,S,Cluck,20,40,Forte,1,1,"2,4,7,9,10,12,13,14,16,17,20,22,24,25",Motivator,1,10,"15,23,28,31,32,34,37,39,40",Cluck Partner,1,25,,Racing Energy,1,1,"3,5,8,18,19,21,25,26,30",More Events,1,5,"6,11,27,29,33,35,36,38,40",,,,,,,,,,,,,,,,,5,3,10,4,3
27,JessicaGlade_Cluck_SRs,Jessica Glade,35,SRs,Cluck,30,50,Forte,1,1,"2,4,5,8,11,14,18,19,21,25,27,30,34,37,38,40,46,48,50",Motivator,1,10,"12,17,20,23,28,30,45,47,49",Cluck Partner,1,30,50,Racing Energy,1,1,"3,7,9,13,15,20,24,25,26,29,36,41,43,50",More Events,5,5,"6,10,16,22,30",Coin Bonus,2,1,"35,40,45",Training Energy,5,30,"31,32,33,35,37,39,40,42,44,45",,,,,,,,,5,3,10,4,3